class,label,source,target,conversion_factors,nominal_value,min,max,summed_max,actual_value,fixed_costs,variable_costs,fixed,nominal_capacity,capacity_loss,inflow_conversion_factor,outflow_conversion_factor,initial_capacity,capacity_min,capacity_max,balanced
### znes_100,,,,,,,,,,,,,,,,,,,,
### transshipment based on nep2014 and vernetzen-base,,,,,,,,,,,,,,,,,,,,
,,,,,,,,,,,,,,,,,,,,
### GLOBAL RESOURCES,,,,,,,,,,,,,,,,,,,,
Source,GL_resource_uranium,GL_resource_uranium,GL_bus_uranium,,,,,,,,5.961744,,,,,,,,,
Source,GL_resource_lignite,GL_resource_lignite,GL_bus_lignite,,,,,,,,27.5949,,,,,,,,,
Source,GL_resource_hard_coal,GL_resource_hard_coal,GL_bus_hard_coal,,,,,,,,45.86634,,,,,,,,,
Source,GL_resource_gas,GL_resource_gas,GL_bus_gas,,,,,,,,54.05328,,,,,,,,,
Source,GL_resource_oil,GL_resource_oil,GL_bus_oil,,,,,,,,86.86674,,,,,,,,,
Source,GL_resource_mixed_fuels,GL_resource_mixed_fuels,GL_bus_mixed_fuels,,,,,,,,27.24696,,,,,,,,,
Source,GL_resource_biomass,GL_resource_biomass,GL_bus_biomass,,,,,,,,27.73476,,,,,,,,,
,,,,,,,,,,,,,,,,,,,,
,,,,,,,,,,,,,,,,,,,,
,,,,,,,,,,,,,,,,,,,,
### thermal,,,,,,,,,,,,,,,,,,,,
### AT,,,,,,,,,,,,,,,,,,,,
Sink,AT_excess,AT_bus_el,AT_excess,,,,,,,,0.00000001,,,,,,,,,
Source,AT_shortage,AT_shortage,AT_bus_el,,,,,,,,75,,,,,,,,,
LinearTransformer,AT_pp_gas,AT_pp_gas,AT_bus_el,0.35,73.954,,0.85,,,24000,0.5,,,,,,,,,
LinearTransformer,AT_pp_gas,GL_bus_gas,AT_pp_gas,,,,,,,,,,,,,,,,,
LinearTransformer,AT_pp_hard_coal,AT_pp_hard_coal,AT_bus_el,0.407,334.01,,0.85,,,35000,4,,,,,,,,,
LinearTransformer,AT_pp_hard_coal,GL_bus_hard_coal,AT_pp_hard_coal,,,,,,,,,,,,,,,,,
LinearTransformer,AT_pp_biomass,AT_pp_biomass,AT_bus_el,0.38,3500,,0.85,5710,,29000,3.9,,,,,,,,,
LinearTransformer,AT_pp_biomass,GL_bus_biomass,AT_pp_biomass,,,,,,,,,,,,,,,,,
Source,AT_run_of_river,AT_run_of_river,AT_bus_el,,13077,,,,0.65,,,TRUE,,,,,,,,
Source,AT_solar,AT_solar,AT_bus_el,,12090,,,,seq,,,TRUE,,,,,,,,
Source,AT_wind_onshore,AT_wind_onshore,AT_bus_el,,6880,,,,seq,,,TRUE,,,,,,,,
Source,AT_geothermal,AT_geothermal,AT_bus_el,,1,,,,0.95,,,TRUE,,,,,,,,
Storage,AT_storage_a_caes,AT_storage_a_caes,AT_bus_el,,23.63,,0.85,,,,0,,,,,,,,,
Storage,AT_storage_a_caes,AT_bus_el,AT_storage_a_caes,,23.63,,0.85,,,,0,,41.22,0,0.837,0.837,0.5,0,1,
Storage,AT_storage_hydrogen,AT_storage_hydrogen,AT_bus_el,,9.45,,0.85,,,,0,,,,,,,,,
Storage,AT_storage_hydrogen,AT_bus_el,AT_storage_hydrogen,,9.45,,0.85,,,,0,,94.51,0,0.632,0.632,0.5,0,1,
Storage,AT_storage_lithium_ion,AT_storage_lithium_ion,AT_bus_el,,240.99,,0.85,,,,0,,,,,,,,,
Storage,AT_storage_lithium_ion,AT_bus_el,AT_storage_lithium_ion,,240.99,,0.85,,,,0,,1204.95,0,0.975,0.975,0.5,0,1,
Storage,AT_storage_pumped_hydro,AT_storage_pumped_hydro,AT_bus_el,,4021.99,,0.85,,,,0,,,,,,,,,
Storage,AT_storage_pumped_hydro,AT_bus_el,AT_storage_pumped_hydro,,4021.99,,0.85,,,,0,,28153.92,0,0.894,0.894,0.5,0,1,
Storage,AT_storage_redox_flow,AT_storage_redox_flow,AT_bus_el,,18.9,,0.85,,,,0,,,,,,,,,
Storage,AT_storage_redox_flow,AT_bus_el,AT_storage_redox_flow,,18.9,,0.85,,,,0,,63,0,0.866,0.866,0.5,0,1,
Sink,AT_load,AT_bus_el,AT_load,,16148.1063956012,,,,seq,,,,,,,,,,,
,,,,,,,,,,,,,,,,,,,,
### BE,,,,,,,,,,,,,,,,,,,,
Sink,BE_excess,BE_bus_el,BE_excess,,,,,,,,0.00000001,,,,,,,,,
Source,BE_shortage,BE_shortage,BE_bus_el,,,,,,,,75,,,,,,,,,
LinearTransformer,BE_pp_gas,BE_pp_gas,BE_bus_el,0.35,257.231,,0.85,,,24000,0.5,,,,,,,,,
LinearTransformer,BE_pp_gas,GL_bus_gas,BE_pp_gas,,,,,,,,,,,,,,,,,
LinearTransformer,BE_pp_hard_coal,BE_pp_hard_coal,BE_bus_el,0.407,426.395,,0.85,,,35000,4,,,,,,,,,
LinearTransformer,BE_pp_hard_coal,GL_bus_hard_coal,BE_pp_hard_coal,,,,,,,,,,,,,,,,,
LinearTransformer,BE_pp_uranium,BE_pp_uranium,BE_bus_el,0.33,938.413,,0.85,,,55000,0.5,,,,,,,,,
LinearTransformer,BE_pp_uranium,GL_bus_uranium,BE_pp_uranium,,,,,,,,,,,,,,,,,
LinearTransformer,BE_pp_biomass,BE_pp_biomass,BE_bus_el,0.38,4750,,0.85,5710,,29000,3.9,,,,,,,,,
LinearTransformer,BE_pp_biomass,GL_bus_biomass,BE_pp_biomass,,,,,,,,,,,,,,,,,
Source,BE_run_of_river,BE_run_of_river,BE_bus_el,,332,,,,0.65,,,TRUE,,,,,,,,
Source,BE_solar,BE_solar,BE_bus_el,,24087,,,,seq,,,TRUE,,,,,,,,
Source,BE_wind_onshore,BE_wind_onshore,BE_bus_el,,10903,,,,seq,,,TRUE,,,,,,,,
Source,BE_wind_offshore,BE_wind_offshore,BE_bus_el,,3000,,,,seq,,,TRUE,,,,,,,,
Storage,BE_storage_a_caes,BE_storage_a_caes,BE_bus_el,,404.05,,0.85,,,,0,,,,,,,,,
Storage,BE_storage_a_caes,BE_bus_el,BE_storage_a_caes,,404.05,,0.85,,,,0,,704.89,0,0.837,0.837,0.5,0,1,
Storage,BE_storage_hydrogen,BE_storage_hydrogen,BE_bus_el,,1807.41,,0.85,,,,0,,,,,,,,,
Storage,BE_storage_hydrogen,BE_bus_el,BE_storage_hydrogen,,1807.41,,0.85,,,,0,,18074.05,0,0.632,0.632,0.5,0,1,
Storage,BE_storage_lithium_ion,BE_storage_lithium_ion,BE_bus_el,,317.47,,0.85,,,,0,,,,,,,,,
Storage,BE_storage_lithium_ion,BE_bus_el,BE_storage_lithium_ion,,317.47,,0.85,,,,0,,1587.34,0,0.975,0.975,0.5,0,1,
Storage,BE_storage_pumped_hydro,BE_storage_pumped_hydro,BE_bus_el,,317.47,,0.85,,,,0,,,,,,,,,
Storage,BE_storage_pumped_hydro,BE_bus_el,BE_storage_pumped_hydro,,317.47,,0.85,,,,0,,2222.28,0,0.894,0.894,0.5,0,1,
Storage,BE_storage_redox_flow,BE_storage_redox_flow,BE_bus_el,,10.82,,0.85,,,,0,,,,,,,,,
Storage,BE_storage_redox_flow,BE_bus_el,BE_storage_redox_flow,,10.82,,0.85,,,,0,,36.08,0,0.866,0.866,0.5,0,1,
Sink,BE_load,BE_bus_el,BE_load,,13646.1554325867,,,,seq,,,,,,,,,,,
,,,,,,,,,,,,,,,,,,,,
### CH,,,,,,,,,,,,,,,,,,,,
Sink,CH_excess,CH_bus_el,CH_excess,,,,,,,,0.00000001,,,,,,,,,
Source,CH_shortage,CH_shortage,CH_bus_el,,,,,,,,75,,,,,,,,,
LinearTransformer,CH_pp_uranium,CH_pp_uranium,CH_bus_el,0.33,518.924,,0.85,,,55000,0.5,,,,,,,,,
LinearTransformer,CH_pp_uranium,GL_bus_uranium,CH_pp_uranium,,,,,,,,,,,,,,,,,
LinearTransformer,CH_pp_gas,CH_pp_gas,CH_bus_el,0.35,43.408,,0.85,,,24000,0.5,,,,,,,,,
LinearTransformer,CH_pp_gas,GL_bus_gas,CH_pp_gas,,,,,,,,,,,,,,,,,
LinearTransformer,CH_pp_biomass,CH_pp_biomass,CH_bus_el,0.38,1250,,0.85,5710,,29000,3.9,,,,,,,,,
LinearTransformer,CH_pp_biomass,GL_bus_biomass,CH_pp_biomass,,,,,,,,,,,,,,,,,
Source,CH_run_of_river,CH_run_of_river,CH_bus_el,,12253,,,,0.65,,,TRUE,,,,,,,,
Source,CH_solar,CH_solar,CH_bus_el,,15000,,,,seq,,,TRUE,,,,,,,,
Source,CH_wind_onshore,CH_wind_onshore,CH_bus_el,,1382,,,,seq,,,TRUE,,,,,,,,
Storage,CH_storage_a_caes,CH_storage_a_caes,CH_bus_el,,26.37,,0.85,,,,0,,,,,,,,,
Storage,CH_storage_a_caes,CH_bus_el,CH_storage_a_caes,,26.37,,0.85,,,,0,,46.01,0,0.837,0.837,0.5,0,1,
Storage,CH_storage_hydrogen,CH_storage_hydrogen,CH_bus_el,,10.55,,0.85,,,,0,,,,,,,,,
Storage,CH_storage_hydrogen,CH_bus_el,CH_storage_hydrogen,,10.55,,0.85,,,,0,,105.49,0,0.632,0.632,0.5,0,1,
Storage,CH_storage_lithium_ion,CH_storage_lithium_ion,CH_bus_el,,269.01,,0.85,,,,0,,,,,,,,,
Storage,CH_storage_lithium_ion,CH_bus_el,CH_storage_lithium_ion,,269.01,,0.85,,,,0,,1345.05,0,0.975,0.975,0.5,0,1,
Storage,CH_storage_pumped_hydro,CH_storage_pumped_hydro,CH_bus_el,,2108.01,,0.85,,,,0,,,,,,,,,
Storage,CH_storage_pumped_hydro,CH_bus_el,CH_storage_pumped_hydro,,2108.01,,0.85,,,,0,,14756.08,0,0.894,0.894,0.5,0,1,
Storage,CH_storage_redox_flow,CH_storage_redox_flow,CH_bus_el,,21.1,,0.85,,,,0,,,,,,,,,
Storage,CH_storage_redox_flow,CH_bus_el,CH_storage_redox_flow,,21.1,,0.85,,,,0,,70.33,0,0.866,0.866,0.5,0,1,
Sink,CH_load,CH_bus_el,CH_load,,10107.0860503439,,,,seq,,,,,,,,,,,
,,,,,,,,,,,,,,,,,,,,
### CZ,,,,,,,,,,,,,,,,,,,,
Sink,CZ_excess,CZ_bus_el,CZ_excess,,,,,,,,0.00000001,,,,,,,,,
Source,CZ_shortage,CZ_shortage,CZ_bus_el,,,,,,,,75,,,,,,,,,
LinearTransformer,CZ_pp_lignite,CZ_pp_lignite,CZ_bus_el,0.398,162.752,,0.85,,,39000,4.4,,,,,,,,,
LinearTransformer,CZ_pp_lignite,GL_bus_lignite,CZ_pp_lignite,,,,,,,,,,,,,,,,,
LinearTransformer,CZ_pp_hard_coal,CZ_pp_hard_coal,CZ_bus_el,0.407,414.551,,0.85,,,35000,4,,,,,,,,,
LinearTransformer,CZ_pp_hard_coal,GL_bus_hard_coal,CZ_pp_hard_coal,,,,,,,,,,,,,,,,,
LinearTransformer,CZ_pp_uranium,CZ_pp_uranium,CZ_bus_el,0.33,605.929,,0.85,,,55000,0.5,,,,,,,,,
LinearTransformer,CZ_pp_uranium,GL_bus_uranium,CZ_pp_uranium,,,,,,,,,,,,,,,,,
LinearTransformer,CZ_pp_gas,CZ_pp_gas,CZ_bus_el,0.35,104.5,,0.85,,,24000,0.5,,,,,,,,,
LinearTransformer,CZ_pp_gas,GL_bus_gas,CZ_pp_gas,,,,,,,,,,,,,,,,,
LinearTransformer,CZ_pp_biomass,CZ_pp_biomass,CZ_bus_el,0.38,5000,,0.85,5710,,29000,3.9,,,,,,,,,
LinearTransformer,CZ_pp_biomass,GL_bus_biomass,CZ_pp_biomass,,,,,,,,,,,,,,,,,
Source,CZ_run_of_river,CZ_run_of_river,CZ_bus_el,,1274,,,,0.65,,,TRUE,,,,,,,,
Source,CZ_solar,CZ_solar,CZ_bus_el,,13048,,,,seq,,,TRUE,,,,,,,,
Source,CZ_wind_onshore,CZ_wind_onshore,CZ_bus_el,,10234,,,,seq,,,TRUE,,,,,,,,
Storage,CZ_storage_a_caes,CZ_storage_a_caes,CZ_bus_el,,935.97,,0.85,,,,0,,,,,,,,,
Storage,CZ_storage_a_caes,CZ_bus_el,CZ_storage_a_caes,,935.97,,0.85,,,,0,,1632.85,0,0.837,0.837,0.5,0,1,
Storage,CZ_storage_hydrogen,CZ_storage_hydrogen,CZ_bus_el,,168.9,,0.85,,,,0,,,,,,,,,
Storage,CZ_storage_hydrogen,CZ_bus_el,CZ_storage_hydrogen,,168.9,,0.85,,,,0,,1688.97,0,0.632,0.632,0.5,0,1,
Storage,CZ_storage_lithium_ion,CZ_storage_lithium_ion,CZ_bus_el,,2452.53,,0.85,,,,0,,,,,,,,,
Storage,CZ_storage_lithium_ion,CZ_bus_el,CZ_storage_lithium_ion,,2452.53,,0.85,,,,0,,12262.64,0,0.975,0.975,0.5,0,1,
Storage,CZ_storage_pumped_hydro,CZ_storage_pumped_hydro,CZ_bus_el,,2452.53,,0.85,,,,0,,,,,,,,,
Storage,CZ_storage_pumped_hydro,CZ_bus_el,CZ_storage_pumped_hydro,,2452.53,,0.85,,,,0,,17167.69,0,0.894,0.894,0.5,0,1,
Storage,CZ_storage_redox_flow,CZ_storage_redox_flow,CZ_bus_el,,21.11,,0.85,,,,0,,,,,,,,,
Storage,CZ_storage_redox_flow,CZ_bus_el,CZ_storage_redox_flow,,21.11,,0.85,,,,0,,70.37,0,0.866,0.866,0.5,0,1,
Sink,CZ_load,CZ_bus_el,CZ_load,,15720.4495503829,,,,seq,,,,,,,,,,,
,,,,,,,,,,,,,,,,,,,,
### DE,,,,,,,,,,,,,,,,,,,,
### DEdr01,,,,,,,,,,,,,,,,,,,,
Sink,DEdr01_excess,DEdr01_bus_el,DEdr01_excess,,,,,,,,0.00000001,,,,,,,,,
Source,DEdr01_shortage,DEdr01_shortage,DEdr01_bus_el,,,,,,,,75,,,,,,,,,
LinearTransformer,DEdr01_pp_biomass,DEdr01_pp_biomass,DEdr01_bus_el,0.38,1491.315,,0.85,5710,,29000,3.9,,,,,,,,,
LinearTransformer,DEdr01_pp_biomass,GL_bus_biomass,DEdr01_pp_biomass,,,,,,,,,,,,,,,,,
Source,DEdr01_run_of_river,DEdr01_run_of_river,DEdr01_bus_el,,8.06,,,,0.65,,,TRUE,,,,,,,,
Source,DEdr01_solar,DEdr01_solar,DEdr01_bus_el,,13208.1,,,,seq,,,TRUE,,,,,,,,
Source,DEdr01_wind_onshore,DEdr01_wind_onshore,DEdr01_bus_el,,15959.009,,,,seq,,,TRUE,,,,,,,,
Storage,DEdr01_storage_a_caes,DEdr01_storage_a_caes,DEdr01_bus_el,,492.16,,0.85,,,,0,,,,,,,,,
Storage,DEdr01_storage_a_caes,DEdr01_bus_el,DEdr01_storage_a_caes,,492.16,,0.85,,,,0,,858.59,0,0.837,0.837,0.5,0,1,
Storage,DEdr01_storage_hydrogen,DEdr01_storage_hydrogen,DEdr01_bus_el,,1598.33,,0.85,,,,0,,,,,,,,,
Storage,DEdr01_storage_hydrogen,DEdr01_bus_el,DEdr01_storage_hydrogen,,1598.33,,0.85,,,,0,,15983.29,0,0.632,0.632,0.5,0,1,
Storage,DEdr01_storage_lithium_ion,DEdr01_storage_lithium_ion,DEdr01_bus_el,,2476.62,,0.85,,,,0,,,,,,,,,
Storage,DEdr01_storage_lithium_ion,DEdr01_bus_el,DEdr01_storage_lithium_ion,,2476.62,,0.85,,,,0,,12383.09,0,0.975,0.975,0.5,0,1,
Storage,DEdr01_storage_redox_flow,DEdr01_storage_redox_flow,DEdr01_bus_el,,147.17,,0.85,,,,0,,,,,,,,,
Storage,DEdr01_storage_redox_flow,DEdr01_bus_el,DEdr01_storage_redox_flow,,147.17,,0.85,,,,0,,490.58,0,0.866,0.866,0.5,0,1,
Sink,DEdr01_load,DEdr01_bus_el,DEdr01_load,,3349.0966519812,,,,seq,,,,,,,,,,,
,,,,,,,,,,,,,,,,,,,,
,,,,,,,,,,,,,,,,,,,,
### DEdr02,,,,,,,,,,,,,,,,,,,,
Sink,DEdr02_excess,DEdr02_bus_el,DEdr02_excess,,,,,,,,0.00000001,,,,,,,,,
Source,DEdr02_shortage,DEdr02_shortage,DEdr02_bus_el,,,,,,,,75,,,,,,,,,
LinearTransformer,DEdr02_pp_biomass,DEdr02_pp_biomass,DEdr02_bus_el,0.38,45.864,,0.85,5710,,29000,3.9,,,,,,,,,
LinearTransformer,DEdr02_pp_biomass,GL_bus_biomass,DEdr02_pp_biomass,,,,,,,,,,,,,,,,,
Source,DEdr02_run_of_river,DEdr02_run_of_river,DEdr02_bus_el,,0.164,,,,0.65,,,TRUE,,,,,,,,
Source,DEdr02_solar,DEdr02_solar,DEdr02_bus_el,,84.36,,,,seq,,,TRUE,,,,,,,,
Source,DEdr02_wind_onshore,DEdr02_wind_onshore,DEdr02_bus_el,,211.2,,,,seq,,,TRUE,,,,,,,,
Storage,DEdr02_storage_a_caes,DEdr02_storage_a_caes,DEdr02_bus_el,,2.95,,0.85,,,,0,,,,,,,,,
Storage,DEdr02_storage_a_caes,DEdr02_bus_el,DEdr02_storage_a_caes,,2.95,,0.85,,,,0,,5.14,0,0.837,0.837,0.5,0,1,
Storage,DEdr02_storage_hydrogen,DEdr02_storage_hydrogen,DEdr02_bus_el,,9.57,,0.85,,,,0,,,,,,,,,
Storage,DEdr02_storage_hydrogen,DEdr02_bus_el,DEdr02_storage_hydrogen,,9.57,,0.85,,,,0,,95.68,0,0.632,0.632,0.5,0,1,
Storage,DEdr02_storage_lithium_ion,DEdr02_storage_lithium_ion,DEdr02_bus_el,,14.83,,0.85,,,,0,,,,,,,,,
Storage,DEdr02_storage_lithium_ion,DEdr02_bus_el,DEdr02_storage_lithium_ion,,14.83,,0.85,,,,0,,74.13,0,0.975,0.975,0.5,0,1,
Storage,DEdr02_storage_redox_flow,DEdr02_storage_redox_flow,DEdr02_bus_el,,0.88,,0.85,,,,0,,,,,,,,,
Storage,DEdr02_storage_redox_flow,DEdr02_bus_el,DEdr02_storage_redox_flow,,0.88,,0.85,,,,0,,2.94,0,0.866,0.866,0.5,0,1,
Sink,DEdr02_load,DEdr02_bus_el,DEdr02_load,,1470.3351155039,,,,seq,,,,,,,,,,,
,,,,,,,,,,,,,,,,,,,,
### DEdr03,,,,,,,,,,,,,,,,,,,,
Sink,DEdr03_excess,DEdr03_bus_el,DEdr03_excess,,,,,,,,0.00000001,,,,,,,,,
Source,DEdr03_shortage,DEdr03_shortage,DEdr03_bus_el,,,,,,,,75,,,,,,,,,
LinearTransformer,DEdr03_pp_biomass,DEdr03_pp_biomass,DEdr03_bus_el,0.38,510.262,,0.85,5710,,29000,3.9,,,,,,,,,
LinearTransformer,DEdr03_pp_biomass,GL_bus_biomass,DEdr03_pp_biomass,,,,,,,,,,,,,,,,,
Source,DEdr03_run_of_river,DEdr03_run_of_river,DEdr03_bus_el,,86.028,,,,0.65,,,TRUE,,,,,,,,
Source,DEdr03_solar,DEdr03_solar,DEdr03_bus_el,,7405.148,,,,seq,,,TRUE,,,,,,,,
Source,DEdr03_wind_onshore,DEdr03_wind_onshore,DEdr03_bus_el,,10107.501,,,,seq,,,TRUE,,,,,,,,
Storage,DEdr03_storage_a_caes,DEdr03_storage_a_caes,DEdr03_bus_el,,223.88,,0.85,,,,0,,,,,,,,,
Storage,DEdr03_storage_a_caes,DEdr03_bus_el,DEdr03_storage_a_caes,,223.88,,0.85,,,,0,,390.56,0,0.837,0.837,0.5,0,1,
Storage,DEdr03_storage_hydrogen,DEdr03_storage_hydrogen,DEdr03_bus_el,,727.06,,0.85,,,,0,,,,,,,,,
Storage,DEdr03_storage_hydrogen,DEdr03_bus_el,DEdr03_storage_hydrogen,,727.06,,0.85,,,,0,,7270.56,0,0.632,0.632,0.5,0,1,
Storage,DEdr03_storage_lithium_ion,DEdr03_storage_lithium_ion,DEdr03_bus_el,,1126.58,,0.85,,,,0,,,,,,,,,
Storage,DEdr03_storage_lithium_ion,DEdr03_bus_el,DEdr03_storage_lithium_ion,,1126.58,,0.85,,,,0,,5632.89,0,0.975,0.975,0.5,0,1,
Storage,DEdr03_storage_pumped_hydro,DEdr03_storage_pumped_hydro,DEdr03_bus_el,,1589.1,,0.85,,,,0,,,,,,,,,
Storage,DEdr03_storage_pumped_hydro,DEdr03_bus_el,DEdr03_storage_pumped_hydro,,1589.1,,0.85,,,,0,,11123.7,0,0.894,0.894,0.5,0,1,
Storage,DEdr03_storage_redox_flow,DEdr03_storage_redox_flow,DEdr03_bus_el,,66.95,,0.85,,,,0,,,,,,,,,
Storage,DEdr03_storage_redox_flow,DEdr03_bus_el,DEdr03_storage_redox_flow,,66.95,,0.85,,,,0,,223.16,0,0.866,0.866,0.5,0,1,
Sink,DEdr03_load,DEdr03_bus_el,DEdr03_load,,4084.2642097332,,,,seq,,,,,,,,,,,
,,,,,,,,,,,,,,,,,,,,
### DEdr04,,,,,,,,,,,,,,,,,,,,
Sink,DEdr04_excess,DEdr04_bus_el,DEdr04_excess,,,,,,,,0.00000001,,,,,,,,,
Source,DEdr04_shortage,DEdr04_shortage,DEdr04_bus_el,,,,,,,,75,,,,,,,,,
LinearTransformer,DEdr04_pp_biomass,DEdr04_pp_biomass,DEdr04_bus_el,0.38,588.095,,0.85,5710,,29000,3.9,,,,,,,,,
LinearTransformer,DEdr04_pp_biomass,GL_bus_biomass,DEdr04_pp_biomass,,,,,,,,,,,,,,,,,
Source,DEdr04_run_of_river,DEdr04_run_of_river,DEdr04_bus_el,,202.23,,,,0.65,,,TRUE,,,,,,,,
Source,DEdr04_solar,DEdr04_solar,DEdr04_bus_el,,9235.658,,,,seq,,,TRUE,,,,,,,,
Source,DEdr04_wind_onshore,DEdr04_wind_onshore,DEdr04_bus_el,,6522.645,,,,seq,,,TRUE,,,,,,,,
Storage,DEdr04_storage_a_caes,DEdr04_storage_a_caes,DEdr04_bus_el,,204.85,,0.85,,,,0,,,,,,,,,
Storage,DEdr04_storage_a_caes,DEdr04_bus_el,DEdr04_storage_a_caes,,204.85,,0.85,,,,0,,357.37,0,0.837,0.837,0.5,0,1,
Storage,DEdr04_storage_hydrogen,DEdr04_storage_hydrogen,DEdr04_bus_el,,665.28,,0.85,,,,0,,,,,,,,,
Storage,DEdr04_storage_hydrogen,DEdr04_bus_el,DEdr04_storage_hydrogen,,665.28,,0.85,,,,0,,6652.76,0,0.632,0.632,0.5,0,1,
Storage,DEdr04_storage_lithium_ion,DEdr04_storage_lithium_ion,DEdr04_bus_el,,1030.85,,0.85,,,,0,,,,,,,,,
Storage,DEdr04_storage_lithium_ion,DEdr04_bus_el,DEdr04_storage_lithium_ion,,1030.85,,0.85,,,,0,,5154.24,0,0.975,0.975,0.5,0,1,
Storage,DEdr04_storage_pumped_hydro,DEdr04_storage_pumped_hydro,DEdr04_bus_el,,1085,,0.85,,,,0,,,,,,,,,
Storage,DEdr04_storage_pumped_hydro,DEdr04_bus_el,DEdr04_storage_pumped_hydro,,1085,,0.85,,,,0,,7595,0,0.894,0.894,0.5,0,1,
Storage,DEdr04_storage_redox_flow,DEdr04_storage_redox_flow,DEdr04_bus_el,,61.26,,0.85,,,,0,,,,,,,,,
Storage,DEdr04_storage_redox_flow,DEdr04_bus_el,DEdr04_storage_redox_flow,,61.26,,0.85,,,,0,,204.19,0,0.866,0.866,0.5,0,1,
Sink,DEdr04_load,DEdr04_bus_el,DEdr04_load,,4247.6347781225,,,,seq,,,,,,,,,,,
,,,,,,,,,,,,,,,,,,,,
### DEdr05,,,,,,,,,,,,,,,,,,,,
Sink,DEdr05_excess,DEdr05_bus_el,DEdr05_excess,,,,,,,,0.00000001,,,,,,,,,
Source,DEdr05_shortage,DEdr05_shortage,DEdr05_bus_el,,,,,,,,75,,,,,,,,,
LinearTransformer,DEdr05_pp_biomass,DEdr05_pp_biomass,DEdr05_bus_el,0.38,468.137,,0.85,5710,,29000,3.9,,,,,,,,,
LinearTransformer,DEdr05_pp_biomass,GL_bus_biomass,DEdr05_pp_biomass,,,,,,,,,,,,,,,,,
Source,DEdr05_run_of_river,DEdr05_run_of_river,DEdr05_bus_el,,1.192,,,,0.65,,,TRUE,,,,,,,,
Source,DEdr05_solar,DEdr05_solar,DEdr05_bus_el,,4171.85,,,,seq,,,TRUE,,,,,,,,
Source,DEdr05_wind_onshore,DEdr05_wind_onshore,DEdr05_bus_el,,2752.223,,,,seq,,,TRUE,,,,,,,,
Storage,DEdr05_storage_a_caes,DEdr05_storage_a_caes,DEdr05_bus_el,,105.85,,0.85,,,,0,,,,,,,,,
Storage,DEdr05_storage_a_caes,DEdr05_bus_el,DEdr05_storage_a_caes,,105.85,,0.85,,,,0,,184.67,0,0.837,0.837,0.5,0,1,
Storage,DEdr05_storage_hydrogen,DEdr05_storage_hydrogen,DEdr05_bus_el,,343.77,,0.85,,,,0,,,,,,,,,
Storage,DEdr05_storage_hydrogen,DEdr05_bus_el,DEdr05_storage_hydrogen,,343.77,,0.85,,,,0,,3437.68,0,0.632,0.632,0.5,0,1,
Storage,DEdr05_storage_lithium_ion,DEdr05_storage_lithium_ion,DEdr05_bus_el,,532.67,,0.85,,,,0,,,,,,,,,
Storage,DEdr05_storage_lithium_ion,DEdr05_bus_el,DEdr05_storage_lithium_ion,,532.67,,0.85,,,,0,,2663.35,0,0.975,0.975,0.5,0,1,
Storage,DEdr05_storage_redox_flow,DEdr05_storage_redox_flow,DEdr05_bus_el,,31.65,,0.85,,,,0,,,,,,,,,
Storage,DEdr05_storage_redox_flow,DEdr05_bus_el,DEdr05_storage_redox_flow,,31.65,,0.85,,,,0,,105.51,0,0.866,0.866,0.5,0,1,
Sink,DEdr05_load,DEdr05_bus_el,DEdr05_load,,3512.4672203705,,,,seq,,,,,,,,,,,
,,,,,,,,,,,,,,,,,,,,
### DEdr06,,,,,,,,,,,,,,,,,,,,
Sink,DEdr06_excess,DEdr06_bus_el,DEdr06_excess,,,,,,,,0.00000001,,,,,,,,,
Source,DEdr06_shortage,DEdr06_shortage,DEdr06_bus_el,,,,,,,,75,,,,,,,,,
LinearTransformer,DEdr06_pp_biomass,DEdr06_pp_biomass,DEdr06_bus_el,0.38,431.359,,0.85,5710,,29000,3.9,,,,,,,,,
LinearTransformer,DEdr06_pp_biomass,GL_bus_biomass,DEdr06_pp_biomass,,,,,,,,,,,,,,,,,
Source,DEdr06_run_of_river,DEdr06_run_of_river,DEdr06_bus_el,,57.759,,,,0.65,,,TRUE,,,,,,,,
Source,DEdr06_solar,DEdr06_solar,DEdr06_bus_el,,5875.922,,,,seq,,,TRUE,,,,,,,,
Source,DEdr06_wind_onshore,DEdr06_wind_onshore,DEdr06_bus_el,,3007.44,,,,seq,,,TRUE,,,,,,,,
Storage,DEdr06_storage_a_caes,DEdr06_storage_a_caes,DEdr06_bus_el,,111.48,,0.85,,,,0,,,,,,,,,
Storage,DEdr06_storage_a_caes,DEdr06_bus_el,DEdr06_storage_a_caes,,111.48,,0.85,,,,0,,194.47,0,0.837,0.837,0.5,0,1,
Storage,DEdr06_storage_hydrogen,DEdr06_storage_hydrogen,DEdr06_bus_el,,362.03,,0.85,,,,0,,,,,,,,,
Storage,DEdr06_storage_hydrogen,DEdr06_bus_el,DEdr06_storage_hydrogen,,362.03,,0.85,,,,0,,3620.27,0,0.632,0.632,0.5,0,1,
Storage,DEdr06_storage_lithium_ion,DEdr06_storage_lithium_ion,DEdr06_bus_el,,560.96,,0.85,,,,0,,,,,,,,,
Storage,DEdr06_storage_lithium_ion,DEdr06_bus_el,DEdr06_storage_lithium_ion,,560.96,,0.85,,,,0,,2804.82,0,0.975,0.975,0.5,0,1,
Storage,DEdr06_storage_pumped_hydro,DEdr06_storage_pumped_hydro,DEdr06_bus_el,,153,,0.85,,,,0,,,,,,,,,
Storage,DEdr06_storage_pumped_hydro,DEdr06_bus_el,DEdr06_storage_pumped_hydro,,153,,0.85,,,,0,,1071,0,0.894,0.894,0.5,0,1,
Storage,DEdr06_storage_redox_flow,DEdr06_storage_redox_flow,DEdr06_bus_el,,33.34,,0.85,,,,0,,,,,,,,,
Storage,DEdr06_storage_redox_flow,DEdr06_bus_el,DEdr06_storage_redox_flow,,33.34,,0.85,,,,0,,111.12,0,0.866,0.866,0.5,0,1,
Sink,DEdr06_load,DEdr06_bus_el,DEdr06_load,,8658.6401246343,,,,seq,,,,,,,,,,,
,,,,,,,,,,,,,,,,,,,,
### DEdr07,,,,,,,,,,,,,,,,,,,,
Sink,DEdr07_excess,DEdr07_bus_el,DEdr07_excess,,,,,,,,0.00000001,,,,,,,,,
Source,DEdr07_shortage,DEdr07_shortage,DEdr07_bus_el,,,,,,,,75,,,,,,,,,
LinearTransformer,DEdr07_pp_biomass,DEdr07_pp_biomass,DEdr07_bus_el,0.38,340.163,,0.85,5710,,29000,3.9,,,,,,,,,
LinearTransformer,DEdr07_pp_biomass,GL_bus_biomass,DEdr07_pp_biomass,,,,,,,,,,,,,,,,,
Source,DEdr07_run_of_river,DEdr07_run_of_river,DEdr07_bus_el,,112.375,,,,0.65,,,TRUE,,,,,,,,
Source,DEdr07_solar,DEdr07_solar,DEdr07_bus_el,,3676.882,,,,seq,,,TRUE,,,,,,,,
Source,DEdr07_wind_onshore,DEdr07_wind_onshore,DEdr07_bus_el,,1604.237,,,,seq,,,TRUE,,,,,,,,
Storage,DEdr07_storage_a_caes,DEdr07_storage_a_caes,DEdr07_bus_el,,84.29,,0.85,,,,0,,,,,,,,,
Storage,DEdr07_storage_a_caes,DEdr07_bus_el,DEdr07_storage_a_caes,,84.29,,0.85,,,,0,,147.06,0,0.837,0.837,0.5,0,1,
Storage,DEdr07_storage_hydrogen,DEdr07_storage_hydrogen,DEdr07_bus_el,,273.75,,0.85,,,,0,,,,,,,,,
Storage,DEdr07_storage_hydrogen,DEdr07_bus_el,DEdr07_storage_hydrogen,,273.75,,0.85,,,,0,,2737.52,0,0.632,0.632,0.5,0,1,
Storage,DEdr07_storage_lithium_ion,DEdr07_storage_lithium_ion,DEdr07_bus_el,,424.18,,0.85,,,,0,,,,,,,,,
Storage,DEdr07_storage_lithium_ion,DEdr07_bus_el,DEdr07_storage_lithium_ion,,424.18,,0.85,,,,0,,2120.9,0,0.975,0.975,0.5,0,1,
Storage,DEdr07_storage_pumped_hydro,DEdr07_storage_pumped_hydro,DEdr07_bus_el,,138,,0.85,,,,0,,,,,,,,,
Storage,DEdr07_storage_pumped_hydro,DEdr07_bus_el,DEdr07_storage_pumped_hydro,,138,,0.85,,,,0,,966,0,0.894,0.894,0.5,0,1,
Storage,DEdr07_storage_redox_flow,DEdr07_storage_redox_flow,DEdr07_bus_el,,25.21,,0.85,,,,0,,,,,,,,,
Storage,DEdr07_storage_redox_flow,DEdr07_bus_el,DEdr07_storage_redox_flow,,25.21,,0.85,,,,0,,84.02,0,0.866,0.866,0.5,0,1,
Sink,DEdr07_load,DEdr07_bus_el,DEdr07_load,,4165.9494939278,,,,seq,,,,,,,,,,,
,,,,,,,,,,,,,,,,,,,,
### DEdr08,,,,,,,,,,,,,,,,,,,,
Sink,DEdr08_excess,DEdr08_bus_el,DEdr08_excess,,,,,,,,0.00000001,,,,,,,,,
Source,DEdr08_shortage,DEdr08_shortage,DEdr08_bus_el,,,,,,,,75,,,,,,,,,
LinearTransformer,DEdr08_pp_biomass,DEdr08_pp_biomass,DEdr08_bus_el,0.38,150.739,,0.85,5710,,29000,3.9,,,,,,,,,
LinearTransformer,DEdr08_pp_biomass,GL_bus_biomass,DEdr08_pp_biomass,,,,,,,,,,,,,,,,,
Source,DEdr08_run_of_river,DEdr08_run_of_river,DEdr08_bus_el,,137.515,,,,0.65,,,TRUE,,,,,,,,
Source,DEdr08_solar,DEdr08_solar,DEdr08_bus_el,,3348.636,,,,seq,,,TRUE,,,,,,,,
Source,DEdr08_wind_onshore,DEdr08_wind_onshore,DEdr08_bus_el,,3550.411,,,,seq,,,TRUE,,,,,,,,
Storage,DEdr08_storage_a_caes,DEdr08_storage_a_caes,DEdr08_bus_el,,74.02,,0.85,,,,0,,,,,,,,,
Storage,DEdr08_storage_a_caes,DEdr08_bus_el,DEdr08_storage_a_caes,,74.02,,0.85,,,,0,,129.13,0,0.837,0.837,0.5,0,1,
Storage,DEdr08_storage_hydrogen,DEdr08_storage_hydrogen,DEdr08_bus_el,,240.39,,0.85,,,,0,,,,,,,,,
Storage,DEdr08_storage_hydrogen,DEdr08_bus_el,DEdr08_storage_hydrogen,,240.39,,0.85,,,,0,,2403.9,0,0.632,0.632,0.5,0,1,
Storage,DEdr08_storage_lithium_ion,DEdr08_storage_lithium_ion,DEdr08_bus_el,,372.49,,0.85,,,,0,,,,,,,,,
Storage,DEdr08_storage_lithium_ion,DEdr08_bus_el,DEdr08_storage_lithium_ion,,372.49,,0.85,,,,0,,1862.43,0,0.975,0.975,0.5,0,1,
Storage,DEdr08_storage_redox_flow,DEdr08_storage_redox_flow,DEdr08_bus_el,,22.13,,0.85,,,,0,,,,,,,,,
Storage,DEdr08_storage_redox_flow,DEdr08_bus_el,DEdr08_storage_redox_flow,,22.13,,0.85,,,,0,,73.78,0,0.866,0.866,0.5,0,1,
Sink,DEdr08_load,DEdr08_bus_el,DEdr08_load,,5391.2287568478,,,,seq,,,,,,,,,,,
,,,,,,,,,,,,,,,,,,,,
### DEdr09,,,,,,,,,,,,,,,,,,,,
Sink,DEdr09_excess,DEdr09_bus_el,DEdr09_excess,,,,,,,,0.00000001,,,,,,,,,
Source,DEdr09_shortage,DEdr09_shortage,DEdr09_bus_el,,,,,,,,75,,,,,,,,,
LinearTransformer,DEdr09_pp_biomass,DEdr09_pp_biomass,DEdr09_bus_el,0.38,310.282,,0.85,5710,,29000,3.9,,,,,,,,,
LinearTransformer,DEdr09_pp_biomass,GL_bus_biomass,DEdr09_pp_biomass,,,,,,,,,,,,,,,,,
Source,DEdr09_run_of_river,DEdr09_run_of_river,DEdr09_bus_el,,236.767,,,,0.65,,,TRUE,,,,,,,,
Source,DEdr09_solar,DEdr09_solar,DEdr09_bus_el,,8042.084,,,,seq,,,TRUE,,,,,,,,
Source,DEdr09_wind_onshore,DEdr09_wind_onshore,DEdr09_bus_el,,8733.54,,,,seq,,,TRUE,,,,,,,,
Source,DEdr09_geothermal,DEdr09_geothermal,DEdr09_bus_el,,721.996,,,,0.95,,,TRUE,,,,,,,,
Storage,DEdr09_storage_a_caes,DEdr09_storage_a_caes,DEdr09_bus_el,,198.29,,0.85,,,,0,,,,,,,,,
Storage,DEdr09_storage_a_caes,DEdr09_bus_el,DEdr09_storage_a_caes,,198.29,,0.85,,,,0,,345.93,0,0.837,0.837,0.5,0,1,
Storage,DEdr09_storage_hydrogen,DEdr09_storage_hydrogen,DEdr09_bus_el,,643.98,,0.85,,,,0,,,,,,,,,
Storage,DEdr09_storage_hydrogen,DEdr09_bus_el,DEdr09_storage_hydrogen,,643.98,,0.85,,,,0,,6439.8,0,0.632,0.632,0.5,0,1,
Storage,DEdr09_storage_lithium_ion,DEdr09_storage_lithium_ion,DEdr09_bus_el,,997.85,,0.85,,,,0,,,,,,,,,
Storage,DEdr09_storage_lithium_ion,DEdr09_bus_el,DEdr09_storage_lithium_ion,,997.85,,0.85,,,,0,,4989.25,0,0.975,0.975,0.5,0,1,
Storage,DEdr09_storage_redox_flow,DEdr09_storage_redox_flow,DEdr09_bus_el,,59.3,,0.85,,,,0,,,,,,,,,
Storage,DEdr09_storage_redox_flow,DEdr09_bus_el,DEdr09_storage_redox_flow,,59.3,,0.85,,,,0,,197.66,0,0.866,0.866,0.5,0,1,
Sink,DEdr09_load,DEdr09_bus_el,DEdr09_load,,8168.5284194663,,,,seq,,,,,,,,,,,
,,,,,,,,,,,,,,,,,,,,
### DEdr10,,,,,,,,,,,,,,,,,,,,
Sink,DEdr10_excess,DEdr10_bus_el,DEdr10_excess,,,,,,,,0.00000001,,,,,,,,,
Source,DEdr10_shortage,DEdr10_shortage,DEdr10_bus_el,,,,,,,,75,,,,,,,,,
LinearTransformer,DEdr10_pp_biomass,DEdr10_pp_biomass,DEdr10_bus_el,0.38,454.274,,0.85,5710,,29000,3.9,,,,,,,,,
LinearTransformer,DEdr10_pp_biomass,GL_bus_biomass,DEdr10_pp_biomass,,,,,,,,,,,,,,,,,
Source,DEdr10_run_of_river,DEdr10_run_of_river,DEdr10_bus_el,,342.976,,,,0.65,,,TRUE,,,,,,,,
Source,DEdr10_solar,DEdr10_solar,DEdr10_bus_el,,7820.562,,,,seq,,,TRUE,,,,,,,,
Source,DEdr10_wind_onshore,DEdr10_wind_onshore,DEdr10_bus_el,,1687.152,,,,seq,,,TRUE,,,,,,,,
Storage,DEdr10_storage_a_caes,DEdr10_storage_a_caes,DEdr10_bus_el,,106.02,,0.85,,,,0,,,,,,,,,
Storage,DEdr10_storage_a_caes,DEdr10_bus_el,DEdr10_storage_a_caes,,106.02,,0.85,,,,0,,184.95,0,0.837,0.837,0.5,0,1,
Storage,DEdr10_storage_hydrogen,DEdr10_storage_hydrogen,DEdr10_bus_el,,344.3,,0.85,,,,0,,,,,,,,,
Storage,DEdr10_storage_hydrogen,DEdr10_bus_el,DEdr10_storage_hydrogen,,344.3,,0.85,,,,0,,3442.99,0,0.632,0.632,0.5,0,1,
Storage,DEdr10_storage_lithium_ion,DEdr10_storage_lithium_ion,DEdr10_bus_el,,533.49,,0.85,,,,0,,,,,,,,,
Storage,DEdr10_storage_lithium_ion,DEdr10_bus_el,DEdr10_storage_lithium_ion,,533.49,,0.85,,,,0,,2667.46,0,0.975,0.975,0.5,0,1,
Storage,DEdr10_storage_redox_flow,DEdr10_storage_redox_flow,DEdr10_bus_el,,31.7,,0.85,,,,0,,,,,,,,,
Storage,DEdr10_storage_redox_flow,DEdr10_bus_el,DEdr10_storage_redox_flow,,31.7,,0.85,,,,0,,105.68,0,0.866,0.866,0.5,0,1,
Sink,DEdr10_load,DEdr10_bus_el,DEdr10_load,,1797.0762522826,,,,seq,,,,,,,,,,,
,,,,,,,,,,,,,,,,,,,,
### DEdr11,,,,,,,,,,,,,,,,,,,,
Sink,DEdr11_excess,DEdr11_bus_el,DEdr11_excess,,,,,,,,0.00000001,,,,,,,,,
Source,DEdr11_shortage,DEdr11_shortage,DEdr11_bus_el,,,,,,,,75,,,,,,,,,
LinearTransformer,DEdr11_pp_biomass,DEdr11_pp_biomass,DEdr11_bus_el,0.38,343.873,,0.85,5710,,29000,3.9,,,,,,,,,
LinearTransformer,DEdr11_pp_biomass,GL_bus_biomass,DEdr11_pp_biomass,,,,,,,,,,,,,,,,,
Source,DEdr11_run_of_river,DEdr11_run_of_river,DEdr11_bus_el,,207.681,,,,0.65,,,TRUE,,,,,,,,
Source,DEdr11_solar,DEdr11_solar,DEdr11_bus_el,,4550.636,,,,seq,,,TRUE,,,,,,,,
Source,DEdr11_wind_onshore,DEdr11_wind_onshore,DEdr11_bus_el,,1609.392,,,,seq,,,TRUE,,,,,,,,
Source,DEdr11_geothermal,DEdr11_geothermal,DEdr11_bus_el,,50.91,,,,0.95,,,TRUE,,,,,,,,
Storage,DEdr11_storage_a_caes,DEdr11_storage_a_caes,DEdr11_bus_el,,68.26,,0.85,,,,0,,,,,,,,,
Storage,DEdr11_storage_a_caes,DEdr11_bus_el,DEdr11_storage_a_caes,,68.26,,0.85,,,,0,,119.08,0,0.837,0.837,0.5,0,1,
Storage,DEdr11_storage_hydrogen,DEdr11_storage_hydrogen,DEdr11_bus_el,,221.68,,0.85,,,,0,,,,,,,,,
Storage,DEdr11_storage_hydrogen,DEdr11_bus_el,DEdr11_storage_hydrogen,,221.68,,0.85,,,,0,,2216.84,0,0.632,0.632,0.5,0,1,
Storage,DEdr11_storage_lithium_ion,DEdr11_storage_lithium_ion,DEdr11_bus_el,,343.5,,0.85,,,,0,,,,,,,,,
Storage,DEdr11_storage_lithium_ion,DEdr11_bus_el,DEdr11_storage_lithium_ion,,343.5,,0.85,,,,0,,1717.5,0,0.975,0.975,0.5,0,1,
Storage,DEdr11_storage_redox_flow,DEdr11_storage_redox_flow,DEdr11_bus_el,,20.41,,0.85,,,,0,,,,,,,,,
Storage,DEdr11_storage_redox_flow,DEdr11_bus_el,DEdr11_storage_redox_flow,,20.41,,0.85,,,,0,,68.04,0,0.866,0.866,0.5,0,1,
Sink,DEdr11_load,DEdr11_bus_el,DEdr11_load,,4002.5789255385,,,,seq,,,,,,,,,,,
,,,,,,,,,,,,,,,,,,,,
### DEdr12,,,,,,,,,,,,,,,,,,,,
Sink,DEdr12_excess,DEdr12_bus_el,DEdr12_excess,,,,,,,,0.00000001,,,,,,,,,
Source,DEdr12_shortage,DEdr12_shortage,DEdr12_bus_el,,,,,,,,75,,,,,,,,,
LinearTransformer,DEdr12_pp_biomass,DEdr12_pp_biomass,DEdr12_bus_el,0.38,888.211,,0.85,5710,,29000,3.9,,,,,,,,,
LinearTransformer,DEdr12_pp_biomass,GL_bus_biomass,DEdr12_pp_biomass,,,,,,,,,,,,,,,,,
Source,DEdr12_run_of_river,DEdr12_run_of_river,DEdr12_bus_el,,1045.433,,,,0.65,,,TRUE,,,,,,,,
Source,DEdr12_solar,DEdr12_solar,DEdr12_bus_el,,12976.286,,,,seq,,,TRUE,,,,,,,,
Source,DEdr12_wind_onshore,DEdr12_wind_onshore,DEdr12_bus_el,,3920.884,,,,seq,,,TRUE,,,,,,,,
Storage,DEdr12_storage_a_caes,DEdr12_storage_a_caes,DEdr12_bus_el,,188.2,,0.85,,,,0,,,,,,,,,
Storage,DEdr12_storage_a_caes,DEdr12_bus_el,DEdr12_storage_a_caes,,188.2,,0.85,,,,0,,328.33,0,0.837,0.837,0.5,0,1,
Storage,DEdr12_storage_hydrogen,DEdr12_storage_hydrogen,DEdr12_bus_el,,611.21,,0.85,,,,0,,,,,,,,,
Storage,DEdr12_storage_hydrogen,DEdr12_bus_el,DEdr12_storage_hydrogen,,611.21,,0.85,,,,0,,6112.06,0,0.632,0.632,0.5,0,1,
Storage,DEdr12_storage_lithium_ion,DEdr12_storage_lithium_ion,DEdr12_bus_el,,947.07,,0.85,,,,0,,,,,,,,,
Storage,DEdr12_storage_lithium_ion,DEdr12_bus_el,DEdr12_storage_lithium_ion,,947.07,,0.85,,,,0,,4735.34,0,0.975,0.975,0.5,0,1,
Storage,DEdr12_storage_pumped_hydro,DEdr12_storage_pumped_hydro,DEdr12_bus_el,,1363,,0.85,,,,0,,,,,,,,,
Storage,DEdr12_storage_pumped_hydro,DEdr12_bus_el,DEdr12_storage_pumped_hydro,,1363,,0.85,,,,0,,9541,0,0.894,0.894,0.5,0,1,
Storage,DEdr12_storage_redox_flow,DEdr12_storage_redox_flow,DEdr12_bus_el,,56.28,,0.85,,,,0,,,,,,,,,
Storage,DEdr12_storage_redox_flow,DEdr12_bus_el,DEdr12_storage_redox_flow,,56.28,,0.85,,,,0,,187.6,0,0.866,0.866,0.5,0,1,
Sink,DEdr12_load,DEdr12_bus_el,DEdr12_load,,7678.4167142983,,,,seq,,,,,,,,,,,
,,,,,,,,,,,,,,,,,,,,
### DEdr13,,,,,,,,,,,,,,,,,,,,
Sink,DEdr13_excess,DEdr13_bus_el,DEdr13_excess,,,,,,,,0.00000001,,,,,,,,,
Source,DEdr13_shortage,DEdr13_shortage,DEdr13_bus_el,,,,,,,,75,,,,,,,,,
LinearTransformer,DEdr13_pp_biomass,DEdr13_pp_biomass,DEdr13_bus_el,0.38,581.5,,0.85,5710,,29000,3.9,,,,,,,,,
LinearTransformer,DEdr13_pp_biomass,GL_bus_biomass,DEdr13_pp_biomass,,,,,,,,,,,,,,,,,
Source,DEdr13_run_of_river,DEdr13_run_of_river,DEdr13_bus_el,,10.441,,,,0.65,,,TRUE,,,,,,,,
Source,DEdr13_solar,DEdr13_solar,DEdr13_bus_el,,5246.832,,,,seq,,,TRUE,,,,,,,,
Source,DEdr13_wind_onshore,DEdr13_wind_onshore,DEdr13_bus_el,,7713.603,,,,seq,,,TRUE,,,,,,,,
Storage,DEdr13_storage_a_caes,DEdr13_storage_a_caes,DEdr13_bus_el,,224.65,,0.85,,,,0,,,,,,,,,
Storage,DEdr13_storage_a_caes,DEdr13_bus_el,DEdr13_storage_a_caes,,224.65,,0.85,,,,0,,391.91,0,0.837,0.837,0.5,0,1,
Storage,DEdr13_storage_hydrogen,DEdr13_storage_hydrogen,DEdr13_bus_el,,729.56,,0.85,,,,0,,,,,,,,,
Storage,DEdr13_storage_hydrogen,DEdr13_bus_el,DEdr13_storage_hydrogen,,729.56,,0.85,,,,0,,7295.65,0,0.632,0.632,0.5,0,1,
Storage,DEdr13_storage_lithium_ion,DEdr13_storage_lithium_ion,DEdr13_bus_el,,1130.46,,0.85,,,,0,,,,,,,,,
Storage,DEdr13_storage_lithium_ion,DEdr13_bus_el,DEdr13_storage_lithium_ion,,1130.46,,0.85,,,,0,,5652.32,0,0.975,0.975,0.5,0,1,
Storage,DEdr13_storage_redox_flow,DEdr13_storage_redox_flow,DEdr13_bus_el,,67.18,,0.85,,,,0,,,,,,,,,
Storage,DEdr13_storage_redox_flow,DEdr13_bus_el,DEdr13_storage_redox_flow,,67.18,,0.85,,,,0,,223.93,0,0.866,0.866,0.5,0,1,
Sink,DEdr13_load,DEdr13_bus_el,DEdr13_load,,2123.8173890613,,,,seq,,,,,,,,,,,
,,,,,,,,,,,,,,,,,,,,
### DEdr14,,,,,,,,,,,,,,,,,,,,
Sink,DEdr14_excess,DEdr14_bus_el,DEdr14_excess,,,,,,,,0.00000001,,,,,,,,,
Source,DEdr14_shortage,DEdr14_shortage,DEdr14_bus_el,,,,,,,,75,,,,,,,,,
LinearTransformer,DEdr14_pp_biomass,DEdr14_pp_biomass,DEdr14_bus_el,0.38,954.901,,0.85,5710,,29000,3.9,,,,,,,,,
LinearTransformer,DEdr14_pp_biomass,GL_bus_biomass,DEdr14_pp_biomass,,,,,,,,,,,,,,,,,
Source,DEdr14_run_of_river,DEdr14_run_of_river,DEdr14_bus_el,,30.444,,,,0.65,,,TRUE,,,,,,,,
Source,DEdr14_solar,DEdr14_solar,DEdr14_bus_el,,5906.1,,,,seq,,,TRUE,,,,,,,,
Source,DEdr14_wind_onshore,DEdr14_wind_onshore,DEdr14_bus_el,,10514.069,,,,seq,,,TRUE,,,,,,,,
Storage,DEdr14_storage_a_caes,DEdr14_storage_a_caes,DEdr14_bus_el,,586.81,,0.85,,,,0,,,,,,,,,
Storage,DEdr14_storage_a_caes,DEdr14_bus_el,DEdr14_storage_a_caes,,586.81,,0.85,,,,0,,1023.73,0,0.837,0.837,0.5,0,1,
Storage,DEdr14_storage_hydrogen,DEdr14_storage_hydrogen,DEdr14_bus_el,,863.26,,0.85,,,,0,,,,,,,,,
Storage,DEdr14_storage_hydrogen,DEdr14_bus_el,DEdr14_storage_hydrogen,,863.26,,0.85,,,,0,,8632.57,0,0.632,0.632,0.5,0,1,
Storage,DEdr14_storage_lithium_ion,DEdr14_storage_lithium_ion,DEdr14_bus_el,,1337.62,,0.85,,,,0,,,,,,,,,
Storage,DEdr14_storage_lithium_ion,DEdr14_bus_el,DEdr14_storage_lithium_ion,,1337.62,,0.85,,,,0,,6688.11,0,0.975,0.975,0.5,0,1,
Storage,DEdr14_storage_pumped_hydro,DEdr14_storage_pumped_hydro,DEdr14_bus_el,,119.1,,0.85,,,,0,,,,,,,,,
Storage,DEdr14_storage_pumped_hydro,DEdr14_bus_el,DEdr14_storage_pumped_hydro,,119.1,,0.85,,,,0,,833.7,0,0.894,0.894,0.5,0,1,
Storage,DEdr14_storage_redox_flow,DEdr14_storage_redox_flow,DEdr14_bus_el,,79.49,,0.85,,,,0,,,,,,,,,
Storage,DEdr14_storage_redox_flow,DEdr14_bus_el,DEdr14_storage_redox_flow,,79.49,,0.85,,,,0,,264.96,0,0.866,0.866,0.5,0,1,
Sink,DEdr14_load,DEdr14_bus_el,DEdr14_load,,3839.2083571492,,,,seq,,,,,,,,,,,
,,,,,,,,,,,,,,,,,,,,
### DEdr15,,,,,,,,,,,,,,,,,,,,
Sink,DEdr15_excess,DEdr15_bus_el,DEdr15_excess,,,,,,,,0.00000001,,,,,,,,,
Source,DEdr15_shortage,DEdr15_shortage,DEdr15_bus_el,,,,,,,,75,,,,,,,,,
LinearTransformer,DEdr15_pp_biomass,DEdr15_pp_biomass,DEdr15_bus_el,0.38,780.895,,0.85,5710,,29000,3.9,,,,,,,,,
LinearTransformer,DEdr15_pp_biomass,GL_bus_biomass,DEdr15_pp_biomass,,,,,,,,,,,,,,,,,
Source,DEdr15_run_of_river,DEdr15_run_of_river,DEdr15_bus_el,,77.313,,,,0.65,,,TRUE,,,,,,,,
Source,DEdr15_solar,DEdr15_solar,DEdr15_bus_el,,4631.524,,,,seq,,,TRUE,,,,,,,,
Source,DEdr15_wind_onshore,DEdr15_wind_onshore,DEdr15_bus_el,,8853.936,,,,seq,,,TRUE,,,,,,,,
Storage,DEdr15_storage_a_caes,DEdr15_storage_a_caes,DEdr15_bus_el,,152.85,,0.85,,,,0,,,,,,,,,
Storage,DEdr15_storage_a_caes,DEdr15_bus_el,DEdr15_storage_a_caes,,152.85,,0.85,,,,0,,266.66,0,0.837,0.837,0.5,0,1,
Storage,DEdr15_storage_hydrogen,DEdr15_storage_hydrogen,DEdr15_bus_el,,496.4,,0.85,,,,0,,,,,,,,,
Storage,DEdr15_storage_hydrogen,DEdr15_bus_el,DEdr15_storage_hydrogen,,496.4,,0.85,,,,0,,4964.04,0,0.632,0.632,0.5,0,1,
Storage,DEdr15_storage_lithium_ion,DEdr15_storage_lithium_ion,DEdr15_bus_el,,769.18,,0.85,,,,0,,,,,,,,,
Storage,DEdr15_storage_lithium_ion,DEdr15_bus_el,DEdr15_storage_lithium_ion,,769.18,,0.85,,,,0,,3845.9,0,0.975,0.975,0.5,0,1,
Storage,DEdr15_storage_pumped_hydro,DEdr15_storage_pumped_hydro,DEdr15_bus_el,,220,,0.85,,,,0,,,,,,,,,
Storage,DEdr15_storage_pumped_hydro,DEdr15_bus_el,DEdr15_storage_pumped_hydro,,220,,0.85,,,,0,,1540,0,0.894,0.894,0.5,0,1,
Storage,DEdr15_storage_redox_flow,DEdr15_storage_redox_flow,DEdr15_bus_el,,45.71,,0.85,,,,0,,,,,,,,,
Storage,DEdr15_storage_redox_flow,DEdr15_bus_el,DEdr15_storage_redox_flow,,45.71,,0.85,,,,0,,152.36,0,0.866,0.866,0.5,0,1,
Sink,DEdr15_load,DEdr15_bus_el,DEdr15_load,,5227.8581884584,,,,seq,,,,,,,,,,,
,,,,,,,,,,,,,,,,,,,,
### Dedr16,,,,,,,,,,,,,,,,,,,,
Sink,DEdr16_excess,DEdr16_bus_el,DEdr16_excess,,,,,,,,0.00000001,,,,,,,,,
Source,DEdr16_shortage,DEdr16_shortage,DEdr16_bus_el,,,,,,,,75,,,,,,,,,
LinearTransformer,DEdr16_pp_biomass,DEdr16_pp_biomass,DEdr16_bus_el,0.38,344.279,,0.85,5710,,29000,3.9,,,,,,,,,
LinearTransformer,DEdr16_pp_biomass,GL_bus_biomass,DEdr16_pp_biomass,,,,,,,,,,,,,,,,,
Source,DEdr16_run_of_river,DEdr16_run_of_river,DEdr16_bus_el,,77.298,,,,0.65,,,TRUE,,,,,,,,
Source,DEdr16_solar,DEdr16_solar,DEdr16_bus_el,,6454.372,,,,seq,,,TRUE,,,,,,,,
Source,DEdr16_wind_onshore,DEdr16_wind_onshore,DEdr16_bus_el,,5453.468,,,,seq,,,TRUE,,,,,,,,
Storage,DEdr16_storage_a_caes,DEdr16_storage_a_caes,DEdr16_bus_el,,144,,0.85,,,,0,,,,,,,,,
Storage,DEdr16_storage_a_caes,DEdr16_bus_el,DEdr16_storage_a_caes,,144,,0.85,,,,0,,251.21,0,0.837,0.837,0.5,0,1,
Storage,DEdr16_storage_hydrogen,DEdr16_storage_hydrogen,DEdr16_bus_el,,467.65,,0.85,,,,0,,,,,,,,,
Storage,DEdr16_storage_hydrogen,DEdr16_bus_el,DEdr16_storage_hydrogen,,467.65,,0.85,,,,0,,4676.49,0,0.632,0.632,0.5,0,1,
Storage,DEdr16_storage_lithium_ion,DEdr16_storage_lithium_ion,DEdr16_bus_el,,724.62,,0.85,,,,0,,,,,,,,,
Storage,DEdr16_storage_lithium_ion,DEdr16_bus_el,DEdr16_storage_lithium_ion,,724.62,,0.85,,,,0,,3623.12,0,0.975,0.975,0.5,0,1,
Storage,DEdr16_storage_pumped_hydro,DEdr16_storage_pumped_hydro,DEdr16_bus_el,,624.5,,0.85,,,,0,,,,,,,,,
Storage,DEdr16_storage_pumped_hydro,DEdr16_bus_el,DEdr16_storage_pumped_hydro,,624.5,,0.85,,,,0,,4371.5,0,0.894,0.894,0.5,0,1,
Storage,DEdr16_storage_redox_flow,DEdr16_storage_redox_flow,DEdr16_bus_el,,43.06,,0.85,,,,0,,,,,,,,,
Storage,DEdr16_storage_redox_flow,DEdr16_bus_el,DEdr16_storage_redox_flow,,43.06,,0.85,,,,0,,143.54,0,0.866,0.866,0.5,0,1,
Sink,DEdr16_load,DEdr16_bus_el,DEdr16_load,,4002.5789255385,,,,seq,,,,,,,,,,,
,,,,,,,,,,,,,,,,,,,,
### Dedr17,,,,,,,,,,,,,,,,,,,,
Sink,DEdr17_excess,DEdr17_bus_el,DEdr17_excess,,,,,,,,0.00000001,,,,,,,,,
Source,DEdr17_shortage,DEdr17_shortage,DEdr17_bus_el,,,,,,,,75,,,,,,,,,
LinearTransformer,DEdr17_pp_biomass,DEdr17_pp_biomass,DEdr17_bus_el,0.38,878.551,,0.85,5710,,29000,3.9,,,,,,,,,
LinearTransformer,DEdr17_pp_biomass,GL_bus_biomass,DEdr17_pp_biomass,,,,,,,,,,,,,,,,,
Source,DEdr17_run_of_river,DEdr17_run_of_river,DEdr17_bus_el,,302.886,,,,0.65,,,TRUE,,,,,,,,
Source,DEdr17_solar,DEdr17_solar,DEdr17_bus_el,,14951.726,,,,seq,,,TRUE,,,,,,,,
Source,DEdr17_wind_onshore,DEdr17_wind_onshore,DEdr17_bus_el,,7535.354,,,,seq,,,TRUE,,,,,,,,
Storage,DEdr17_storage_a_caes,DEdr17_storage_a_caes,DEdr17_bus_el,,239.48,,0.85,,,,0,,,,,,,,,
Storage,DEdr17_storage_a_caes,DEdr17_bus_el,DEdr17_storage_a_caes,,239.48,,0.85,,,,0,,417.79,0,0.837,0.837,0.5,0,1,
Storage,DEdr17_storage_hydrogen,DEdr17_storage_hydrogen,DEdr17_bus_el,,777.73,,0.85,,,,0,,,,,,,,,
Storage,DEdr17_storage_hydrogen,DEdr17_bus_el,DEdr17_storage_hydrogen,,777.73,,0.85,,,,0,,7777.34,0,0.632,0.632,0.5,0,1,
Storage,DEdr17_storage_lithium_ion,DEdr17_storage_lithium_ion,DEdr17_bus_el,,1205.1,,0.85,,,,0,,,,,,,,,
Storage,DEdr17_storage_lithium_ion,DEdr17_bus_el,DEdr17_storage_lithium_ion,,1205.1,,0.85,,,,0,,6025.52,0,0.975,0.975,0.5,0,1,
Storage,DEdr17_storage_pumped_hydro,DEdr17_storage_pumped_hydro,DEdr17_bus_el,,451,,0.85,,,,0,,,,,,,,,
Storage,DEdr17_storage_pumped_hydro,DEdr17_bus_el,DEdr17_storage_pumped_hydro,,451,,0.85,,,,0,,3157,0,0.894,0.894,0.5,0,1,
Storage,DEdr17_storage_redox_flow,DEdr17_storage_redox_flow,DEdr17_bus_el,,71.61,,0.85,,,,0,,,,,,,,,
Storage,DEdr17_storage_redox_flow,DEdr17_bus_el,DEdr17_storage_redox_flow,,71.61,,0.85,,,,0,,238.71,0,0.866,0.866,0.5,0,1,
Sink,DEdr17_load,DEdr17_bus_el,DEdr17_load,,5472.9140410424,,,,seq,,,,,,,,,,,
,,,,,,,,,,,,,,,,,,,,
### Dedr18,,,,,,,,,,,,,,,,,,,,
Sink,DEdr18_excess,DEdr18_bus_el,DEdr18_excess,,,,,,,,0.00000001,,,,,,,,,
Source,DEdr18_shortage,DEdr18_shortage,DEdr18_bus_el,,,,,,,,75,,,,,,,,,
LinearTransformer,DEdr18_pp_biomass,DEdr18_pp_biomass,DEdr18_bus_el,0.38,816.851,,0.85,5710,,29000,3.9,,,,,,,,,
LinearTransformer,DEdr18_pp_biomass,GL_bus_biomass,DEdr18_pp_biomass,,,,,,,,,,,,,,,,,
Source,DEdr18_run_of_river,DEdr18_run_of_river,DEdr18_bus_el,,2263.44,,,,0.65,,,TRUE,,,,,,,,
Source,DEdr18_solar,DEdr18_solar,DEdr18_bus_el,,16833.314,,,,seq,,,TRUE,,,,,,,,
Source,DEdr18_wind_onshore,DEdr18_wind_onshore,DEdr18_bus_el,,1863.947,,,,seq,,,TRUE,,,,,,,,
Source,DEdr18_geothermal,DEdr18_geothermal,DEdr18_bus_el,,2156.731,,,,0.95,,,TRUE,,,,,,,,
Storage,DEdr18_storage_a_caes,DEdr18_storage_a_caes,DEdr18_bus_el,,222.95,,0.85,,,,0,,388.95,0,0.837,0.837,0.5,0,1,
Storage,DEdr18_storage_a_caes,DEdr18_bus_el,DEdr18_storage_a_caes,,222.95,,0.85,,,,0,,388.95,0,0.837,0.837,0.5,0,1,
Storage,DEdr18_storage_hydrogen,DEdr18_storage_hydrogen,DEdr18_bus_el,,724.06,,0.85,,,,0,,,,,,,,,
Storage,DEdr18_storage_hydrogen,DEdr18_bus_el,DEdr18_storage_hydrogen,,724.06,,0.85,,,,0,,7240.56,0,0.632,0.632,0.5,0,1,
Storage,DEdr18_storage_lithium_ion,DEdr18_storage_lithium_ion,DEdr18_bus_el,,1121.93,,0.85,,,,0,,,,,,,,,
Storage,DEdr18_storage_lithium_ion,DEdr18_bus_el,DEdr18_storage_lithium_ion,,1121.93,,0.85,,,,0,,5609.64,0,0.975,0.975,0.5,0,1,
Storage,DEdr18_storage_pumped_hydro,DEdr18_storage_pumped_hydro,DEdr18_bus_el,,98.8,,0.85,,,,0,,,,,,,,,
Storage,DEdr18_storage_pumped_hydro,DEdr18_bus_el,DEdr18_storage_pumped_hydro,,98.8,,0.85,,,,0,,691.6,0,0.894,0.894,0.5,0,1,
Storage,DEdr18_storage_redox_flow,DEdr18_storage_redox_flow,DEdr18_bus_el,,66.67,,0.85,,,,0,,,,,,,,,
Storage,DEdr18_storage_redox_flow,DEdr18_bus_el,DEdr18_storage_redox_flow,,66.67,,0.85,,,,0,,222.23,0,0.866,0.866,0.5,0,1,
Sink,DEdr18_load,DEdr18_bus_el,DEdr18_load,,4492.6906307065,,,,seq,,,,,,,,,,,
### ,,,,,,,,,,,,,,,,,,,,
### Deow,,,,,,,,,,,,,,,,,,,,
Sink,DEow19_excess,DEow19_bus_el,DEow19_excess,,,,,,,,0.00000001,,,,,,,,,
Source,DEow19_wind_offshore,DEow19_wind_offshore,DEow19_bus_el,,9600,,,,seq,,,TRUE,,,,,,,,
Sink,DEow20_excess,DEow20_bus_el,DEow20_excess,,,,,,,,0.00000001,,,,,,,,,
Source,DEow20_wind_offshore,DEow20_wind_offshore,DEow20_bus_el,,19200,,,,seq,,,TRUE,,,,,,,,
Sink,DEow21_excess,DEow21_bus_el,DEow21_excess,,,,,,,,0.00000001,,,,,,,,,
Source,DEow21_wind_offshore,DEow21_wind_offshore,DEow21_bus_el,,19200,,,,seq,,,TRUE,,,,,,,,
,,,,,,,,,,,,,,,,,,,,
### DK,,,,,,,,,,,,,,,,,,,,
Sink,DK_excess,DK_bus_el,DK_excess,,,,,,,,0.00000001,,,,,,,,,
Source,DK_shortage,DK_shortage,DK_bus_el,,,,,,,,75,,,,,,,,,
LinearTransformer,DK_pp_hard_coal,DK_pp_hard_coal,DK_bus_el,0.407,1082.571,,0.85,,,35000,4,,,,,,,,,
LinearTransformer,DK_pp_hard_coal,GL_bus_hard_coal,DK_pp_hard_coal,,,,,,,,,,,,,,,,,
LinearTransformer,DK_pp_gas,DK_pp_gas,DK_bus_el,0.35,273.308,,0.85,,,24000,0.5,,,,,,,,,
LinearTransformer,DK_pp_gas,GL_bus_gas,DK_pp_gas,,,,,,,,,,,,,,,,,
LinearTransformer,DK_pp_biomass,DK_pp_biomass,DK_bus_el,0.38,3750,,0.85,5710,,29000,3.9,,,,,,,,,
LinearTransformer,DK_pp_biomass,GL_bus_biomass,DK_pp_biomass,,,,,,,,,,,,,,,,,
Source,DK_run_of_river,DK_run_of_river,DK_bus_el,,13,,,,0.65,,,TRUE,,,,,,,,
Source,DK_solar,DK_solar,DK_bus_el,,2038,,,,seq,,,TRUE,,,,,,,,
Source,DK_wind_onshore,DK_wind_onshore,DK_bus_el,,18708,,,,seq,,,TRUE,,,,,,,,
Source,DK_wind_offshore,DK_wind_offshore,DK_bus_el,,25600,,,,seq,,,TRUE,,,,,,,,
Storage,DK_storage_a_caes,DK_storage_a_caes,DK_bus_el,,210,,0.85,,,,0,,,,,,,,,
Storage,DK_storage_a_caes,DK_bus_el,DK_storage_a_caes,,210,,0.85,,,,0,,366.36,0,0.837,0.837,0.5,0,1,
Storage,DK_storage_hydrogen,DK_storage_hydrogen,DK_bus_el,,4990,,0.85,,,,0,,,,,,,,,
Storage,DK_storage_hydrogen,DK_bus_el,DK_storage_hydrogen,,4990,,0.85,,,,0,,49900,0,0.632,0.632,0.5,0,1,
Storage,DK_storage_lithium_ion,DK_storage_lithium_ion,DK_bus_el,,870,,0.85,,,,0,,,,,,,,,
Storage,DK_storage_lithium_ion,DK_bus_el,DK_storage_lithium_ion,,870,,0.85,,,,0,,4350,0,0.975,0.975,0.5,0,1,
Storage,DK_storage_pumped_hydro,DK_storage_pumped_hydro,DK_bus_el,,870,,0.85,,,,0,,,,,,,,,
Storage,DK_storage_pumped_hydro,DK_bus_el,DK_storage_pumped_hydro,,870,,0.85,,,,0,,6090,0,0.894,0.894,0.5,0,1,
Storage,DK_storage_redox_flow,DK_storage_redox_flow,DK_bus_el,,60,,0.85,,,,0,,,,,,,,,
Storage,DK_storage_redox_flow,DK_bus_el,DK_storage_redox_flow,,60,,0.85,,,,0,,200,0,0.866,0.866,0.5,0,1,
Sink,DK_load,DK_bus_el,DK_load,,6006.9406976919,,,,seq,,,,,,,,,,,
,,,,,,,,,,,,,,,,,,,,
### FR,,,,,,,,,,,,,,,,,,,,
Sink,FR_excess,FR_bus_el,FR_excess,,,,,,,,0.00000001,,,,,,,,,
Source,FR_shortage,FR_shortage,FR_bus_el,,,,,,,,75,,,,,,,,,
LinearTransformer,FR_pp_hard_coal,FR_pp_hard_coal,FR_bus_el,0.407,1771.91,,0.85,,,35000,4,,,,,,,,,
LinearTransformer,FR_pp_hard_coal,GL_bus_hard_coal,FR_pp_hard_coal,,,,,,,,,,,,,,,,,
LinearTransformer,FR_pp_gas,FR_pp_gas,FR_bus_el,0.35,999.985,,0.85,,,24000,0.5,,,,,,,,,
LinearTransformer,FR_pp_gas,GL_bus_gas,FR_pp_gas,,,,,,,,,,,,,,,,,
LinearTransformer,FR_pp_uranium,FR_pp_uranium,FR_bus_el,0.33,10235.535,,0.85,,,55000,0.5,,,,,,,,,
LinearTransformer,FR_pp_uranium,GL_bus_uranium,FR_pp_uranium,,,,,,,,,,,,,,,,,
LinearTransformer,FR_pp_biomass,FR_pp_biomass,FR_bus_el,0.38,28250,,0.85,5710,,29000,3.9,,,,,,,,,
LinearTransformer,FR_pp_biomass,GL_bus_biomass,FR_pp_biomass,,,,,,,,,,,,,,,,,
Source,FR_run_of_river,FR_run_of_river,FR_bus_el,,28519,,,,0.65,,,TRUE,,,,,,,,
Source,FR_solar,FR_solar,FR_bus_el,,103055,,,,seq,,,TRUE,,,,,,,,
Source,FR_wind_onshore,FR_wind_onshore,FR_bus_el,,124197,,,,seq,,,TRUE,,,,,,,,
Source,FR_geothermal,FR_geothermal,FR_bus_el,,2,,,,0.95,,,TRUE,,,,,,,,
Storage,FR_storage_a_caes,FR_storage_a_caes,FR_bus_el,,250,,0.85,,,,0,,,,,,,,,
Storage,FR_storage_a_caes,FR_bus_el,FR_storage_a_caes,,250,,0.85,,,,0,,436.14,0,0.837,0.837,0.5,0,1,
Storage,FR_storage_hydrogen,FR_storage_hydrogen,FR_bus_el,,25990,,0.85,,,,0,,,,,,,,,
Storage,FR_storage_hydrogen,FR_bus_el,FR_storage_hydrogen,,25990,,0.85,,,,0,,259900,0,0.632,0.632,0.5,0,1,
Storage,FR_storage_lithium_ion,FR_storage_lithium_ion,FR_bus_el,,3420,,0.85,,,,0,,,,,,,,,
Storage,FR_storage_lithium_ion,FR_bus_el,FR_storage_lithium_ion,,3420,,0.85,,,,0,,17100,0,0.975,0.975,0.5,0,1,
Storage,FR_storage_pumped_hydro,FR_storage_pumped_hydro,FR_bus_el,,3420,,0.85,,,,0,,,,,,,,,
Storage,FR_storage_pumped_hydro,FR_bus_el,FR_storage_pumped_hydro,,3420,,0.85,,,,0,,23940,0,0.894,0.894,0.5,0,1,
Storage,FR_storage_redox_flow,FR_storage_redox_flow,FR_bus_el,,60,,0.85,,,,0,,,,,,,,,
Storage,FR_storage_redox_flow,FR_bus_el,FR_storage_redox_flow,,60,,0.85,,,,0,,200,0,0.866,0.866,0.5,0,1,
Sink,FR_load,FR_bus_el,FR_load,,89527.7635767244,,,,seq,,,,,,,,,,,
,,,,,,,,,,,,,,,,,,,,
### LU,,,,,,,,,,,,,,,,,,,,
Sink,LU_excess,LU_bus_el,LU_excess,,,,,,,,0.00000001,,,,,,,,,
Source,LU_shortage,LU_shortage,LU_bus_el,,,,,,,,75,,,,,,,,,
LinearTransformer,LU_pp_gas,LU_pp_gas,LU_bus_el,0.35,16.077,,0.85,,,24000,0.5,,,,,,,,,
LinearTransformer,LU_pp_gas,GL_bus_gas,LU_pp_gas,,,,,,,,,,,,,,,,,
Source,LU_run_of_river,LU_run_of_river,LU_bus_el,,149,,,,0.65,,,TRUE,,,,,,,,
Source,LU_solar,LU_solar,LU_bus_el,,1030,,,,seq,,,TRUE,,,,,,,,
Source,LU_wind_onshore,LU_wind_onshore,LU_bus_el,,739,,,,seq,,,TRUE,,,,,,,,
Storage,LU_storage_a_caes,LU_storage_a_caes,LU_bus_el,,127.59,,0.85,,,,0,,,,,,,,,
Storage,LU_storage_a_caes,LU_bus_el,LU_storage_a_caes,,127.59,,0.85,,,,0,,222.6,0,0.837,0.837,0.5,0,1,
Storage,LU_storage_hydrogen,LU_storage_hydrogen,LU_bus_el,,570.76,,0.85,,,,0,,,,,,,,,
Storage,LU_storage_hydrogen,LU_bus_el,LU_storage_hydrogen,,570.76,,0.85,,,,0,,5707.59,0,0.632,0.632,0.5,0,1,
Storage,LU_storage_lithium_ion,LU_storage_lithium_ion,LU_bus_el,,100.25,,0.85,,,,0,,,,,,,,,
Storage,LU_storage_lithium_ion,LU_bus_el,LU_storage_lithium_ion,,100.25,,0.85,,,,0,,501.27,0,0.975,0.975,0.5,0,1,
Storage,LU_storage_pumped_hydro,LU_storage_pumped_hydro,LU_bus_el,,1196.25,,0.85,,,,0,,,,,,,,,
Storage,LU_storage_pumped_hydro,LU_bus_el,LU_storage_pumped_hydro,,1196.25,,0.85,,,,0,,8373.77,0,0.894,0.894,0.5,0,1,
Storage,LU_storage_redox_flow,LU_storage_redox_flow,LU_bus_el,,3.42,,0.85,,,,0,,,,,,,,,
Storage,LU_storage_redox_flow,LU_bus_el,LU_storage_redox_flow,,3.42,,0.85,,,,0,,11.39,0,0.866,0.866,0.5,0,1,
Sink,LU_load,LU_bus_el,LU_load,,1114.6889703921,,,,seq,,,,,,,,,,,
,,,,,,,,,,,,,,,,,,,,
### NL,,,,,,,,,,,,,,,,,,,,
Sink,NL_excess,NL_bus_el,NL_excess,,,,,,,,0.00000001,,,,,,,,,
Source,NL_shortage,NL_shortage,NL_bus_el,,,,,,,,75,,,,,,,,,
LinearTransformer,NL_pp_hard_coal,NL_pp_hard_coal,NL_bus_el,0.407,952.283,,0.85,,,35000,4,,,,,,,,,
LinearTransformer,NL_pp_hard_coal,GL_bus_hard_coal,NL_pp_hard_coal,,,,,,,,,,,,,,,,,
LinearTransformer,NL_pp_uranium,NL_pp_uranium,NL_bus_el,0.33,77.683,,0.85,,,55000,0.5,,,,,,,,,
LinearTransformer,NL_pp_uranium,GL_bus_uranium,NL_pp_uranium,,,,,,,,,,,,,,,,,
LinearTransformer,NL_pp_gas,NL_pp_gas,NL_bus_el,0.35,426.039,,0.85,,,24000,0.5,,,,,,,,,
LinearTransformer,NL_pp_gas,GL_bus_gas,NL_pp_gas,,,,,,,,,,,,,,,,,
LinearTransformer,NL_pp_biomass,NL_pp_biomass,NL_bus_el,0.38,4000,,0.85,5710,,29000,3.9,,,,,,,,,
LinearTransformer,NL_pp_biomass,GL_bus_biomass,NL_pp_biomass,,,,,,,,,,,,,,,,,
Source,NL_run_of_river,NL_run_of_river,NL_bus_el,,104,,,,0.65,,,TRUE,,,,,,,,
Source,NL_solar,NL_solar,NL_bus_el,,22247,,,,seq,,,TRUE,,,,,,,,
Source,NL_wind_onshore,NL_wind_onshore,NL_bus_el,,14997,,,,seq,,,TRUE,,,,,,,,
Source,NL_wind_offshore,NL_wind_offshore,NL_bus_el,,15900,,,,seq,,,TRUE,,,,,,,,
Storage,NL_storage_a_caes,NL_storage_a_caes,NL_bus_el,,1708.35,,0.85,,,,0,,,,,,,,,
Storage,NL_storage_a_caes,NL_bus_el,NL_storage_a_caes,,1708.35,,0.85,,,,0,,2980.31,0,0.837,0.837,0.5,0,1,
Storage,NL_storage_hydrogen,NL_storage_hydrogen,NL_bus_el,,7641.84,,0.85,,,,0,,,,,,,,,
Storage,NL_storage_hydrogen,NL_bus_el,NL_storage_hydrogen,,7641.84,,0.85,,,,0,,76418.35,0,0.632,0.632,0.5,0,1,
Storage,NL_storage_lithium_ion,NL_storage_lithium_ion,NL_bus_el,,1342.28,,0.85,,,,0,,,,,,,,,
Storage,NL_storage_lithium_ion,NL_bus_el,NL_storage_lithium_ion,,1342.28,,0.85,,,,0,,6711.39,0,0.975,0.975,0.5,0,1,
Storage,NL_storage_pumped_hydro,NL_storage_pumped_hydro,NL_bus_el,,1342.28,,0.85,,,,0,,,,,,,,,
Storage,NL_storage_pumped_hydro,NL_bus_el,NL_storage_pumped_hydro,,1342.28,,0.85,,,,0,,9395.95,0,0.894,0.894,0.5,0,1,
Storage,NL_storage_redox_flow,NL_storage_redox_flow,NL_bus_el,,45.76,,0.85,,,,0,,,,,,,,,
Storage,NL_storage_redox_flow,NL_bus_el,NL_storage_redox_flow,,45.76,,0.85,,,,0,,152.53,0,0.866,0.866,0.5,0,1,
Sink,NL_load,NL_bus_el,NL_load,,18066.1418359341,,,,seq,,,,,,,,,,,
,,,,,,,,,,,,,,,,,,,,
### NO,,,,,,,,,,,,,,,,,,,,
Sink,NO_excess,NO_bus_el,NO_excess,,,,,,,,0.00000001,,,,,,,,,
Source,NO_shortage,NO_shortage,NO_bus_el,,,,,,,,75,,,,,,,,,
LinearTransformer,NO_pp_hard_coal,NO_pp_hard_coal,NO_bus_el,0.407,2.369,,0.85,,,35000,4,,,,,,,,,
LinearTransformer,NO_pp_hard_coal,GL_bus_hard_coal,NO_pp_hard_coal,,,,,,,,,,,,,,,,,
LinearTransformer,NO_pp_gas,NO_pp_gas,NO_bus_el,0.35,110.931,,0.85,,,24000,0.5,,,,,,,,,
LinearTransformer,NO_pp_gas,GL_bus_gas,NO_pp_gas,,,,,,,,,,,,,,,,,
LinearTransformer,NO_pp_biomass,NO_pp_biomass,NO_bus_el,0.38,500,,0.85,5710,,29000,3.9,,,,,,,,,
LinearTransformer,NO_pp_biomass,GL_bus_biomass,NO_pp_biomass,,,,,,,,,,,,,,,,,
Source,NO_run_of_river,NO_run_of_river,NO_bus_el,,70614,,,,0.65,,,TRUE,,,,,,,,
Source,NO_solar,NO_solar,NO_bus_el,,5368,,,,seq,,,TRUE,,,,,,,,
Source,NO_wind_onshore,NO_wind_onshore,NO_bus_el,,12175,,,,seq,,,TRUE,,,,,,,,
Source,NO_wind_offshore,NO_wind_offshore,NO_bus_el,,3000,,,,seq,,,TRUE,,,,,,,,
Storage,NO_storage_lithium_ion,NO_storage_lithium_ion,NO_bus_el,,0.08,,0.85,,,,0,,,,,,,,,
Storage,NO_storage_lithium_ion,NO_bus_el,NO_storage_lithium_ion,,0.08,,0.85,,,,0,,0.4,0,0.975,0.975,0.5,0,1,
Storage,NO_storage_pumped_hydro,NO_storage_pumped_hydro,NO_bus_el,,24344.08,,0.85,,,,0,,,,,,,,,
Storage,NO_storage_pumped_hydro,NO_bus_el,NO_storage_pumped_hydro,,24344.08,,0.85,,,,0,,84300000,0,0.894,0.894,0.5,0,1,
Sink,NO_load,NO_bus_el,NO_load,,22494.5232450301,,,,seq,,,,,,,,,,,
,,,,,,,,,,,,,,,,,,,,
### PL,,,,,,,,,,,,,,,,,,,,
Sink,PL_excess,PL_bus_el,PL_excess,,,,,,,,0.00000001,,,,,,,,,
Source,PL_shortage,PL_shortage,PL_bus_el,,,,,,,,75,,,,,,,,,
LinearTransformer,PL_pp_lignite,PL_pp_lignite,PL_bus_el,0.398,203.157,,0.85,,,39000,4.4,,,,,,,,,
LinearTransformer,PL_pp_lignite,GL_bus_lignite,PL_pp_lignite,,,,,,,,,,,,,,,,,
LinearTransformer,PL_pp_gas,PL_pp_gas,PL_bus_el,0.35,17.685,,0.85,,,24000,0.5,,,,,,,,,
LinearTransformer,PL_pp_gas,GL_bus_gas,PL_pp_gas,,,,,,,,,,,,,,,,,
LinearTransformer,PL_pp_hard_coal,PL_pp_hard_coal,PL_bus_el,0.407,5486.288,,0.85,,,35000,4,,,,,,,,,
LinearTransformer,PL_pp_hard_coal,GL_bus_hard_coal,PL_pp_hard_coal,,,,,,,,,,,,,,,,,
LinearTransformer,PL_pp_biomass,PL_pp_biomass,PL_bus_el,0.38,14250,,0.85,5710,,29000,3.9,,,,,,,,,
LinearTransformer,PL_pp_biomass,GL_bus_biomass,PL_pp_biomass,,,,,,,,,,,,,,,,,
Source,PL_run_of_river,PL_run_of_river,PL_bus_el,,2079,,,,0.65,,,TRUE,,,,,,,,
Source,PL_solar,PL_solar,PL_bus_el,,24220,,,,seq,,,TRUE,,,,,,,,
Source,PL_wind_onshore,PL_wind_onshore,PL_bus_el,,81918,,,,seq,,,TRUE,,,,,,,,
Storage,PL_storage_a_caes,PL_storage_a_caes,PL_bus_el,,1724.03,,0.85,,,,0,,,,,,,,,
Storage,PL_storage_a_caes,PL_bus_el,PL_storage_a_caes,,1724.03,,0.85,,,,0,,3007.65,0,0.837,0.837,0.5,0,1,
Storage,PL_storage_hydrogen,PL_storage_hydrogen,PL_bus_el,,311.1,,0.85,,,,0,,,,,,,,,
Storage,PL_storage_hydrogen,PL_bus_el,PL_storage_hydrogen,,311.1,,0.85,,,,0,,3111.03,0,0.632,0.632,0.5,0,1,
Storage,PL_storage_lithium_ion,PL_storage_lithium_ion,PL_bus_el,,4517.47,,0.85,,,,0,,,,,,,,,
Storage,PL_storage_lithium_ion,PL_bus_el,PL_storage_lithium_ion,,4517.47,,0.85,,,,0,,22587.36,0,0.975,0.975,0.5,0,1,
Storage,PL_storage_pumped_hydro,PL_storage_pumped_hydro,PL_bus_el,,4517.47,,0.85,,,,0,,,,,,,,,
Storage,PL_storage_pumped_hydro,PL_bus_el,PL_storage_pumped_hydro,,4517.47,,0.85,,,,0,,31622.31,0,0.894,0.894,0.5,0,1,
Storage,PL_storage_redox_flow,PL_storage_redox_flow,PL_bus_el,,38.89,,0.85,,,,0,,,,,,,,,
Storage,PL_storage_redox_flow,PL_bus_el,PL_storage_redox_flow,,38.89,,0.85,,,,0,,129.63,0,0.866,0.866,0.5,0,1,
Sink,PL_load,PL_bus_el,PL_load,,23057.5276198051,,,,seq,,,,,,,,,,,
,,,,,,,,,,,,,,,,,,,,
### SE,,,,,,,,,,,,,,,,,,,,
Sink,SE_excess,SE_bus_el,SE_excess,,,,,,,,0.00000001,,,,,,,,,
Source,SE_shortage,SE_shortage,SE_bus_el,,,,,,,,75,,,,,,,,,
LinearTransformer,SE_pp_hard_coal,SE_pp_hard_coal,SE_bus_el,0.407,85.279,,0.85,,,35000,4,,,,,,,,,
LinearTransformer,SE_pp_hard_coal,GL_bus_hard_coal,SE_pp_hard_coal,,,,,,,,,,,,,,,,,
LinearTransformer,SE_pp_gas,SE_pp_gas,SE_bus_el,0.35,321.539,,0.85,,,24000,0.5,,,,,,,,,
LinearTransformer,SE_pp_gas,GL_bus_gas,SE_pp_gas,,,,,,,,,,,,,,,,,
LinearTransformer,SE_pp_uranium,SE_pp_uranium,SE_bus_el,0.33,1496.178,,0.85,,,55000,0.5,,,,,,,,,
LinearTransformer,SE_pp_uranium,GL_bus_uranium,SE_pp_uranium,,,,,,,,,,,,,,,,,
LinearTransformer,SE_pp_biomass,SE_pp_biomass,SE_bus_el,0.38,5500,,0.85,5710,,29000,3.9,,,,,,,,,
LinearTransformer,SE_pp_biomass,GL_bus_biomass,SE_pp_biomass,,,,,,,,,,,,,,,,,
Source,SE_run_of_river,SE_run_of_river,SE_bus_el,,32158,,,,0.65,,,TRUE,,,,,,,,
Source,SE_solar,SE_solar,SE_bus_el,,8919,,,,seq,,,TRUE,,,,,,,,
Source,SE_wind_onshore,SE_wind_onshore,SE_bus_el,,24211,,,,seq,,,TRUE,,,,,,,,
Source,SE_wind_offshore,SE_wind_offshore,SE_bus_el,,3000,,,,seq,,,TRUE,,,,,,,,
Storage,SE_storage_lithium_ion,SE_storage_lithium_ion,SE_bus_el,,3209.92,,0.85,,,,0,,,,,,,,,
Storage,SE_storage_lithium_ion,SE_bus_el,SE_storage_lithium_ion,,3209.92,,0.85,,,,0,,16049.6,0,0.975,0.975,0.5,0,1,
Storage,SE_storage_pumped_hydro,SE_storage_pumped_hydro,SE_bus_el,,3317.92,,0.85,,,,0,,,,,,,,,
Storage,SE_storage_pumped_hydro,SE_bus_el,SE_storage_pumped_hydro,,3317.92,,0.85,,,,0,,23225.43,0,0.894,0.894,0.5,0,1,
Sink,SE_load,SE_bus_el,SE_load,,25381.8776558842,,,,seq,,,,,,,,,,,
### ,,,,,,,,,,,,,,,,,,,,
### ,,,,,,,,,,,,,,,,,,,,
### ### NET TRANSFER CAPACITIES,,,,,,,,,,,,,,,,,,,,
### LinearTransformer,AT_CH_powerline,AT_bus_el,AT_CH_powerline,,,,,,,,,,,,,,,,,
### LinearTransformer,AT_CH_powerline,AT_CH_powerline,CH_bus_el,0.97,1200,,,,,,,,,,,,,,,
### LinearTransformer,AT_CZ_powerline,AT_bus_el,AT_CZ_powerline,,,,,,,,,,,,,,,,,
### LinearTransformer,AT_CZ_powerline,AT_CZ_powerline,CZ_bus_el,0.97,1200,,,,,,,,,,,,,,,
### LinearTransformer,AT_DEdr10_powerline,AT_bus_el,AT_DEdr10_powerline,,,,,,,,,,,,,,,,,
### LinearTransformer,AT_DEdr10_powerline,AT_DEdr10_powerline,AT_bus_el,0.97,6808,,,,,,,,,,,,,,,
### LinearTransformer,AT_DEdr12_powerline,AT_bus_el,AT_DEdr12_powerline,,,,,,,,,,,,,,,,,
### LinearTransformer,AT_DEdr12_powerline,AT_DEdr12_powerline,AT_bus_el,0.97,390,,,,,,,,,,,,,,,
### LinearTransformer,AT_DEdr18_powerline,AT_bus_el,AT_DEdr18_powerline,,,,,,,,,,,,,,,,,
### LinearTransformer,AT_DEdr18_powerline,AT_DEdr18_powerline,AT_bus_el,0.97,4074,,,,,,,,,,,,,,,
### LinearTransformer,BE_FR_powerline,BE_bus_el,BE_FR_powerline,,,,,,,,,,,,,,,,,
### LinearTransformer,BE_FR_powerline,BE_FR_powerline,FR_bus_el,0.97,2300,,,,,,,,,,,,,,,
### LinearTransformer,BE_LU_powerline,BE_bus_el,BE_LU_powerline,,,,,,,,,,,,,,,,,
### LinearTransformer,BE_LU_powerline,BE_LU_powerline,LU_bus_el,0.97,300,,,,,,,,,,,,,,,
### LinearTransformer,BE_NL_powerline,BE_bus_el,BE_NL_powerline,,,,,,,,,,,,,,,,,
### LinearTransformer,BE_NL_powerline,BE_NL_powerline,NL_bus_el,0.97,2400,,,,,,,,,,,,,,,
### LinearTransformer,BE_DEdr08_powerline,BE_bus_el,BE_DEdr08_powerline,,,,,,,,,,,,,,,,,
### LinearTransformer,BE_DEdr08_powerline,BE_DEdr08_powerline,BE_bus_el,0.97,1000,,,,,,,,,,,,,,,
### LinearTransformer,CH_AT_powerline,CH_AT_powerline,AT_bus_el,0.97,1200,,,,,,,,,,,,,,,
### LinearTransformer,CH_AT_powerline,CH_bus_el,CH_AT_powerline,,,,,,,,,,,,,,,,,
### LinearTransformer,CH_DEdr12_powerline,CH_bus_el,CH_DEdr12_powerline,,,,,,,,,,,,,,,,,
### LinearTransformer,CH_DEdr12_powerline,CH_DEdr12_powerline,CH_bus_el,0.97,11348,,,,,,,,,,,,,,,
### LinearTransformer,CH_FR_powerline,CH_bus_el,CH_FR_powerline,,,,,,,,,,,,,,,,,
### LinearTransformer,CH_FR_powerline,CH_FR_powerline,FR_bus_el,0.97,2300,,,,,,,,,,,,,,,
### LinearTransformer,CZ_AT_powerline,CZ_AT_powerline,AT_bus_el,0.97,2180,,,,,,,,,,,,,,,
### LinearTransformer,CZ_AT_powerline,CZ_bus_el,CZ_AT_powerline,,,,,,,,,,,,,,,,,
### LinearTransformer,CZ_DEdr04_powerline,CZ_bus_el,CZ_DEdr04_powerline,,,,,,,,,,,,,,,,,
### LinearTransformer,CZ_DEdr04_powerline,CZ_DEdr04_powerline,CZ_bus_el,0.97,2685,,,,,,,,,,,,,,,
### LinearTransformer,CZ_DEdr17_powerline,CZ_bus_el,CZ_DEdr17_powerline,,,,,,,,,,,,,,,,,
### LinearTransformer,CZ_DEdr17_powerline,CZ_DEdr17_powerline,CZ_bus_el,0.97,2685,,,,,,,,,,,,,,,
### LinearTransformer,CZ_PL_powerline,CZ_bus_el,CZ_PL_powerline,,,,,,,,,,,,,,,,,
### LinearTransformer,CZ_PL_powerline,CZ_PL_powerline,PL_bus_el,0.97,800,,,,,,,,,,,,,,,
### LinearTransformer,DEdr01_DEdr03_powerline,DEdr01_bus_el,DEdr01_DEdr03_powerline,,,,,,,,,,,,,,,,,
### LinearTransformer,DEdr01_DEdr03_powerline,DEdr01_DEdr03_powerline,DEdr01_bus_el,0.97,7884,,,,,,,,,,,,,,,
### LinearTransformer,DEdr01_DEdr04_powerline,DEdr01_bus_el,DEdr01_DEdr04_powerline,,,,,,,,,,,,,,,,,
### LinearTransformer,DEdr01_DEdr04_powerline,DEdr01_DEdr04_powerline,DEdr01_bus_el,0.97,4418,,,,,,,,,,,,,,,
### LinearTransformer,DEdr01_DEdr14_powerline,DEdr01_bus_el,DEdr01_DEdr14_powerline,,,,,,,,,,,,,,,,,
### LinearTransformer,DEdr01_DEdr14_powerline,DEdr01_DEdr14_powerline,DEdr01_bus_el,0.97,2685,,,,,,,,,,,,,,,
### LinearTransformer,DEdr01_DEdr15_powerline,DEdr01_bus_el,DEdr01_DEdr15_powerline,,,,,,,,,,,,,,,,,
### LinearTransformer,DEdr01_DEdr15_powerline,DEdr01_DEdr15_powerline,DEdr01_bus_el,0.97,5342,,,,,,,,,,,,,,,
### LinearTransformer,DEdr01_DK_powerline,DEdr01_bus_el,DEdr01_DK_powerline,,,,,,,,,,,,,,,,,
### LinearTransformer,DEdr01_DK_powerline,DEdr01_DK_powerline,DEdr01_bus_el,0.97,600,,,,,,,,,,,,,,,
### LinearTransformer,DEdr01_PL_powerline,DEdr01_bus_el,DEdr01_PL_powerline,,,,,,,,,,,,,,,,,
### LinearTransformer,DEdr01_PL_powerline,DEdr01_PL_powerline,DEdr01_bus_el,0.97,3465,,,,,,,,,,,,,,,
### LinearTransformer,DEdr02_DEdr13_powerline,DEdr02_bus_el,DEdr02_DEdr13_powerline,,,,,,,,,,,,,,,,,
### LinearTransformer,DEdr02_DEdr13_powerline,DEdr02_DEdr13_powerline,DEdr02_bus_el,0.97,4028,,,,,,,,,,,,,,,
### LinearTransformer,DEdr02_DEdr14_powerline,DEdr02_bus_el,DEdr02_DEdr14_powerline,,,,,,,,,,,,,,,,,
### LinearTransformer,DEdr02_DEdr14_powerline,DEdr02_DEdr14_powerline,DEdr02_bus_el,0.97,2685,,,,,,,,,,,,,,,
### LinearTransformer,DEdr03_DEdr01_powerline,DEdr03_bus_el,DEdr03_DEdr01_powerline,,,,,,,,,,,,,,,,,
### LinearTransformer,DEdr03_DEdr01_powerline,DEdr03_DEdr01_powerline,DEdr03_bus_el,0.97,7884,,,,,,,,,,,,,,,
### LinearTransformer,DEdr03_DEdr04_powerline,DEdr03_bus_el,DEdr03_DEdr04_powerline,,,,,,,,,,,,,,,,,
### LinearTransformer,DEdr03_DEdr04_powerline,DEdr03_DEdr04_powerline,DEdr03_bus_el,0.97,17252,,,,,,,,,,,,,,,
### LinearTransformer,DEdr03_DEdr10_powerline,DEdr03_bus_el,DEdr03_DEdr10_powerline,,,,,,,,,,,,,,,,,
### LinearTransformer,DEdr03_DEdr10_powerline,DEdr03_DEdr10_powerline,DEdr03_bus_el,0.97,3583,,,,,,,,,,,,,,,
### LinearTransformer,DEdr03_DEdr16_powerline,DEdr03_bus_el,DEdr03_DEdr16_powerline,,,,,,,,,,,,,,,,,
### LinearTransformer,DEdr03_DEdr16_powerline,DEdr03_DEdr16_powerline,DEdr03_bus_el,0.97,5342,,,,,,,,,,,,,,,
### LinearTransformer,DEdr03_DEdr17_powerline,DEdr03_bus_el,DEdr03_DEdr17_powerline,,,,,,,,,,,,,,,,,
### LinearTransformer,DEdr03_DEdr17_powerline,DEdr03_DEdr17_powerline,DEdr03_bus_el,0.97,5370,,,,,,,,,,,,,,,
### LinearTransformer,DEdr04_CZ_powerline,DEdr04_bus_el,DEdr04_CZ_powerline,,,,,,,,,,,,,,,,,
### LinearTransformer,DEdr04_CZ_powerline,DEdr04_CZ_powerline,DEdr04_bus_el,0.97,2685,,,,,,,,,,,,,,,
### LinearTransformer,DEdr04_DEdr01_powerline,DEdr04_bus_el,DEdr04_DEdr01_powerline,,,,,,,,,,,,,,,,,
### LinearTransformer,DEdr04_DEdr01_powerline,DEdr04_DEdr01_powerline,DEdr04_bus_el,0.97,4418,,,,,,,,,,,,,,,
### LinearTransformer,DEdr04_DEdr03_powerline,DEdr04_bus_el,DEdr04_DEdr03_powerline,,,,,,,,,,,,,,,,,
### LinearTransformer,DEdr04_DEdr03_powerline,DEdr04_DEdr03_powerline,DEdr04_bus_el,0.97,17252,,,,,,,,,,,,,,,
### LinearTransformer,DEdr04_PL_powerline,DEdr04_bus_el,DEdr04_PL_powerline,,,,,,,,,,,,,,,,,
### LinearTransformer,DEdr04_PL_powerline,DEdr04_PL_powerline,DEdr04_bus_el,0.97,2685,,,,,,,,,,,,,,,
### LinearTransformer,DEdr05_DEdr06_powerline,DEdr05_bus_el,DEdr05_DEdr06_powerline,,,,,,,,,,,,,,,,,
### LinearTransformer,DEdr05_DEdr06_powerline,DEdr05_DEdr06_powerline,DEdr05_bus_el,0.97,4418,,,,,,,,,,,,,,,
### LinearTransformer,DEdr05_DEdr07_powerline,DEdr05_bus_el,DEdr05_DEdr07_powerline,,,,,,,,,,,,,,,,,
### LinearTransformer,DEdr05_DEdr07_powerline,DEdr05_DEdr07_powerline,DEdr05_bus_el,0.97,3466,,,,,,,,,,,,,,,
### LinearTransformer,DEdr05_DEdr14_powerline,DEdr05_bus_el,DEdr05_DEdr14_powerline,,,,,,,,,,,,,,,,,
### LinearTransformer,DEdr05_DEdr14_powerline,DEdr05_DEdr14_powerline,DEdr05_bus_el,0.97,5760,,,,,,,,,,,,,,,
### LinearTransformer,DEdr05_DEdr15_powerline,DEdr05_bus_el,DEdr05_DEdr15_powerline,,,,,,,,,,,,,,,,,
### LinearTransformer,DEdr05_DEdr15_powerline,DEdr05_DEdr15_powerline,DEdr05_bus_el,0.97,3251,,,,,,,,,,,,,,,
### LinearTransformer,DEdr06_DEdr05_powerline,DEdr06_bus_el,DEdr06_DEdr05_powerline,,,,,,,,,,,,,,,,,
### LinearTransformer,DEdr06_DEdr05_powerline,DEdr06_DEdr05_powerline,DEdr06_bus_el,0.97,4418,,,,,,,,,,,,,,,
### LinearTransformer,DEdr06_DEdr07_powerline,DEdr06_bus_el,DEdr06_DEdr07_powerline,,,,,,,,,,,,,,,,,
### LinearTransformer,DEdr06_DEdr07_powerline,DEdr06_DEdr07_powerline,DEdr06_bus_el,0.97,15593,,,,,,,,,,,,,,,
### LinearTransformer,DEdr06_DEdr08_powerline,DEdr06_bus_el,DEdr06_DEdr08_powerline,,,,,,,,,,,,,,,,,
### LinearTransformer,DEdr06_DEdr08_powerline,DEdr06_DEdr08_powerline,DEdr06_bus_el,0.97,15766,,,,,,,,,,,,,,,
### LinearTransformer,DEdr06_DEdr11_powerline,DEdr06_bus_el,DEdr06_DEdr11_powerline,,,,,,,,,,,,,,,,,
### LinearTransformer,DEdr06_DEdr11_powerline,DEdr06_DEdr11_powerline,DEdr06_bus_el,0.97,2000,,,,,,,,,,,,,,,
### LinearTransformer,DEdr06_DEdr14_powerline,DEdr06_bus_el,DEdr06_DEdr14_powerline,,,,,,,,,,,,,,,,,
### LinearTransformer,DEdr06_DEdr14_powerline,DEdr06_DEdr14_powerline,DEdr06_bus_el,0.97,2000,,,,,,,,,,,,,,,
### LinearTransformer,DEdr06_NL_powerline,DEdr06_bus_el,DEdr06_NL_powerline,,,,,,,,,,,,,,,,,
### LinearTransformer,DEdr06_NL_powerline,DEdr06_NL_powerline,DEdr06_bus_el,0.97,2685,,,,,,,,,,,,,,,
### LinearTransformer,DEdr07_DEdr05_powerline,DEdr07_bus_el,DEdr07_DEdr05_powerline,,,,,,,,,,,,,,,,,
### LinearTransformer,DEdr07_DEdr05_powerline,DEdr07_DEdr05_powerline,DEdr07_bus_el,0.97,3466,,,,,,,,,,,,,,,
### LinearTransformer,DEdr07_DEdr06_powerline,DEdr07_bus_el,DEdr07_DEdr06_powerline,,,,,,,,,,,,,,,,,
### LinearTransformer,DEdr07_DEdr06_powerline,DEdr07_DEdr06_powerline,DEdr07_bus_el,0.97,15593,,,,,,,,,,,,,,,
### LinearTransformer,DEdr07_DEdr08_powerline,DEdr07_bus_el,DEdr07_DEdr08_powerline,,,,,,,,,,,,,,,,,
### LinearTransformer,DEdr07_DEdr08_powerline,DEdr07_DEdr08_powerline,DEdr07_bus_el,0.97,2513,,,,,,,,,,,,,,,
### LinearTransformer,DEdr07_DEdr15_powerline,DEdr07_bus_el,DEdr07_DEdr15_powerline,,,,,,,,,,,,,,,,,
### LinearTransformer,DEdr07_DEdr15_powerline,DEdr07_DEdr15_powerline,DEdr07_bus_el,0.97,1343,,,,,,,,,,,,,,,
### LinearTransformer,DEdr07_DEdr16_powerline,DEdr07_bus_el,DEdr07_DEdr16_powerline,,,,,,,,,,,,,,,,,
### LinearTransformer,DEdr07_DEdr16_powerline,DEdr07_DEdr16_powerline,DEdr07_bus_el,0.97,2685,,,,,,,,,,,,,,,
### LinearTransformer,DEdr08_BE_powerline,DEdr08_bus_el,DEdr08_BE_powerline,,,,,,,,,,,,,,,,,
### LinearTransformer,DEdr08_BE_powerline,DEdr08_BE_powerline,DEdr08_bus_el,0.97,1000,,,,,,,,,,,,,,,
### LinearTransformer,DEdr08_DEdr06_powerline,DEdr08_bus_el,DEdr08_DEdr06_powerline,,,,,,,,,,,,,,,,,
### LinearTransformer,DEdr08_DEdr06_powerline,DEdr08_DEdr06_powerline,DEdr08_bus_el,0.97,15766,,,,,,,,,,,,,,,
### LinearTransformer,DEdr08_DEdr07_powerline,DEdr08_bus_el,DEdr08_DEdr07_powerline,,,,,,,,,,,,,,,,,
### LinearTransformer,DEdr08_DEdr07_powerline,DEdr08_DEdr07_powerline,DEdr08_bus_el,0.97,2513,,,,,,,,,,,,,,,
### LinearTransformer,DEdr08_DEdr09_powerline,DEdr08_bus_el,DEdr08_DEdr09_powerline,,,,,,,,,,,,,,,,,
### LinearTransformer,DEdr08_DEdr09_powerline,DEdr08_DEdr09_powerline,DEdr08_bus_el,0.97,8836,,,,,,,,,,,,,,,
### LinearTransformer,DEdr08_DEdr16_powerline,DEdr08_bus_el,DEdr08_DEdr16_powerline,,,,,,,,,,,,,,,,,
### LinearTransformer,DEdr08_DEdr16_powerline,DEdr08_DEdr16_powerline,DEdr08_bus_el,0.97,2685,,,,,,,,,,,,,,,
### LinearTransformer,DEdr08_NL_powerline,DEdr08_bus_el,DEdr08_NL_powerline,,,,,,,,,,,,,,,,,
### LinearTransformer,DEdr08_NL_powerline,DEdr08_NL_powerline,DEdr08_bus_el,0.97,2685,,,,,,,,,,,,,,,
### LinearTransformer,DEdr09_DEdr08_powerline,DEdr09_bus_el,DEdr09_DEdr08_powerline,,,,,,,,,,,,,,,,,
### LinearTransformer,DEdr09_DEdr08_powerline,DEdr09_DEdr08_powerline,DEdr09_bus_el,0.97,8836,,,,,,,,,,,,,,,
### LinearTransformer,DEdr09_DEdr11_powerline,DEdr09_bus_el,DEdr09_DEdr11_powerline,,,,,,,,,,,,,,,,,
### LinearTransformer,DEdr09_DEdr11_powerline,DEdr09_DEdr11_powerline,DEdr09_bus_el,0.97,10574,,,,,,,,,,,,,,,
### LinearTransformer,DEdr09_DEdr16_powerline,DEdr09_bus_el,DEdr09_DEdr16_powerline,,,,,,,,,,,,,,,,,
### LinearTransformer,DEdr09_DEdr16_powerline,DEdr09_DEdr16_powerline,DEdr09_bus_el,0.97,8491,,,,,,,,,,,,,,,
### LinearTransformer,DEdr09_DEdr17_powerline,DEdr09_bus_el,DEdr09_DEdr17_powerline,,,,,,,,,,,,,,,,,
### LinearTransformer,DEdr09_DEdr17_powerline,DEdr09_DEdr17_powerline,DEdr09_bus_el,0.97,2685,,,,,,,,,,,,,,,
### LinearTransformer,DEdr09_FR_powerline,DEdr09_bus_el,DEdr09_FR_powerline,,,,,,,,,,,,,,,,,
### LinearTransformer,DEdr09_FR_powerline,DEdr09_FR_powerline,DEdr09_bus_el,0.97,3075,,,,,,,,,,,,,,,
### LinearTransformer,DEdr09_LU_powerline,DEdr09_bus_el,DEdr09_LU_powerline,,,,,,,,,,,,,,,,,
### LinearTransformer,DEdr09_LU_powerline,DEdr09_LU_powerline,DEdr09_bus_el,0.97,3120,,,,,,,,,,,,,,,
### LinearTransformer,DEdr10_AT_powerline,DEdr10_bus_el,DEdr10_AT_powerline,,,,,,,,,,,,,,,,,
### LinearTransformer,DEdr10_AT_powerline,DEdr10_AT_powerline,DEdr10_bus_el,0.97,6808,,,,,,,,,,,,,,,
### LinearTransformer,DEdr10_DEdr03_powerline,DEdr10_bus_el,DEdr10_DEdr03_powerline,,,,,,,,,,,,,,,,,
### LinearTransformer,DEdr10_DEdr03_powerline,DEdr10_DEdr03_powerline,DEdr10_bus_el,0.97,3583,,,,,,,,,,,,,,,
### LinearTransformer,DEdr10_DEdr11_powerline,DEdr10_bus_el,DEdr10_DEdr11_powerline,,,,,,,,,,,,,,,,,
### LinearTransformer,DEdr10_DEdr11_powerline,DEdr10_DEdr11_powerline,DEdr10_bus_el,0.97,1343,,,,,,,,,,,,,,,
### LinearTransformer,DEdr10_DEdr12_powerline,DEdr10_bus_el,DEdr10_DEdr12_powerline,,,,,,,,,,,,,,,,,
### LinearTransformer,DEdr10_DEdr12_powerline,DEdr10_DEdr12_powerline,DEdr10_bus_el,0.97,1733,,,,,,,,,,,,,,,
### LinearTransformer,DEdr10_DEdr18_powerline,DEdr10_bus_el,DEdr10_DEdr18_powerline,,,,,,,,,,,,,,,,,
### LinearTransformer,DEdr10_DEdr18_powerline,DEdr10_DEdr18_powerline,DEdr10_bus_el,0.97,2685,,,,,,,,,,,,,,,
### LinearTransformer,DEdr11_DEdr06_powerline,DEdr11_bus_el,DEdr11_DEdr06_powerline,,,,,,,,,,,,,,,,,
### LinearTransformer,DEdr11_DEdr06_powerline,DEdr11_DEdr06_powerline,DEdr11_bus_el,0.97,2000,,,,,,,,,,,,,,,
### LinearTransformer,DEdr11_DEdr09_powerline,DEdr11_bus_el,DEdr11_DEdr09_powerline,,,,,,,,,,,,,,,,,
### LinearTransformer,DEdr11_DEdr09_powerline,DEdr11_DEdr09_powerline,DEdr11_bus_el,0.97,10574,,,,,,,,,,,,,,,
### LinearTransformer,DEdr11_DEdr10_powerline,DEdr11_bus_el,DEdr11_DEdr10_powerline,,,,,,,,,,,,,,,,,
### LinearTransformer,DEdr11_DEdr10_powerline,DEdr11_DEdr10_powerline,DEdr11_bus_el,0.97,1343,,,,,,,,,,,,,,,
### LinearTransformer,DEdr11_DEdr12_powerline,DEdr11_bus_el,DEdr11_DEdr12_powerline,,,,,,,,,,,,,,,,,
### LinearTransformer,DEdr11_DEdr12_powerline,DEdr11_DEdr12_powerline,DEdr11_bus_el,0.97,17767,,,,,,,,,,,,,,,
### LinearTransformer,DEdr11_DEdr13_powerline,DEdr11_bus_el,DEdr11_DEdr13_powerline,,,,,,,,,,,,,,,,,
### LinearTransformer,DEdr11_DEdr13_powerline,DEdr11_DEdr13_powerline,DEdr11_bus_el,0.97,2000,,,,,,,,,,,,,,,
### LinearTransformer,DEdr11_DEdr17_powerline,DEdr11_bus_el,DEdr11_DEdr17_powerline,,,,,,,,,,,,,,,,,
### LinearTransformer,DEdr11_DEdr17_powerline,DEdr11_DEdr17_powerline,DEdr11_bus_el,0.97,2686,,,,,,,,,,,,,,,
### LinearTransformer,DEdr12_AT_powerline,DEdr12_bus_el,DEdr12_AT_powerline,,,,,,,,,,,,,,,,,
### LinearTransformer,DEdr12_AT_powerline,DEdr12_AT_powerline,DEdr12_bus_el,0.97,390,,,,,,,,,,,,,,,
### LinearTransformer,DEdr12_CH_powerline,DEdr12_bus_el,DEdr12_CH_powerline,,,,,,,,,,,,,,,,,
### LinearTransformer,DEdr12_CH_powerline,DEdr12_CH_powerline,DEdr12_bus_el,0.97,11348,,,,,,,,,,,,,,,
### LinearTransformer,DEdr12_DEdr10_powerline,DEdr12_bus_el,DEdr12_DEdr10_powerline,,,,,,,,,,,,,,,,,
### LinearTransformer,DEdr12_DEdr10_powerline,DEdr12_DEdr10_powerline,DEdr12_bus_el,0.97,1733,,,,,,,,,,,,,,,
### LinearTransformer,DEdr12_DEdr11_powerline,DEdr12_bus_el,DEdr12_DEdr11_powerline,,,,,,,,,,,,,,,,,
### LinearTransformer,DEdr12_DEdr11_powerline,DEdr12_DEdr11_powerline,DEdr12_bus_el,0.97,17767,,,,,,,,,,,,,,,
### LinearTransformer,DEdr12_FR_powerline,DEdr12_bus_el,DEdr12_FR_powerline,,,,,,,,,,,,,,,,,
### LinearTransformer,DEdr12_FR_powerline,DEdr12_FR_powerline,DEdr12_bus_el,0.97,3075,,,,,,,,,,,,,,,
### LinearTransformer,DEdr13_DEdr02_powerline,DEdr13_bus_el,DEdr13_DEdr02_powerline,,,,,,,,,,,,,,,,,
### LinearTransformer,DEdr13_DEdr02_powerline,DEdr13_DEdr02_powerline,DEdr13_bus_el,0.97,4028,,,,,,,,,,,,,,,
### LinearTransformer,DEdr13_DEdr11_powerline,DEdr13_bus_el,DEdr13_DEdr11_powerline,,,,,,,,,,,,,,,,,
### LinearTransformer,DEdr13_DEdr11_powerline,DEdr13_DEdr11_powerline,DEdr13_bus_el,0.97,2000,,,,,,,,,,,,,,,
### LinearTransformer,DEdr13_DEdr14_powerline,DEdr13_bus_el,DEdr13_DEdr14_powerline,,,,,,,,,,,,,,,,,
### LinearTransformer,DEdr13_DEdr14_powerline,DEdr13_DEdr14_powerline,DEdr13_bus_el,0.97,8835,,,,,,,,,,,,,,,
### LinearTransformer,DEdr13_DEdr17_powerline,DEdr13_bus_el,DEdr13_DEdr17_powerline,,,,,,,,,,,,,,,,,
### LinearTransformer,DEdr13_DEdr17_powerline,DEdr13_DEdr17_powerline,DEdr13_bus_el,0.97,2000,,,,,,,,,,,,,,,
### LinearTransformer,DEdr13_DK_powerline,DEdr13_bus_el,DEdr13_DK_powerline,,,,,,,,,,,,,,,,,
### LinearTransformer,DEdr13_DK_powerline,DEdr13_DK_powerline,DEdr13_bus_el,0.97,8596,,,,,,,,,,,,,,,
### LinearTransformer,DEdr13_SE_powerline,DEdr13_bus_el,DEdr13_SE_powerline,,,,,,,,,,,,,,,,,
### LinearTransformer,DEdr13_SE_powerline,DEdr13_SE_powerline,DEdr13_bus_el,0.97,450,,,,,,,,,,,,,,,
### LinearTransformer,DEdr14_DEdr01_powerline,DEdr14_bus_el,DEdr14_DEdr01_powerline,,,,,,,,,,,,,,,,,
### LinearTransformer,DEdr14_DEdr01_powerline,DEdr14_DEdr01_powerline,DEdr14_bus_el,0.97,2685,,,,,,,,,,,,,,,
### LinearTransformer,DEdr14_DEdr02_powerline,DEdr14_bus_el,DEdr14_DEdr02_powerline,,,,,,,,,,,,,,,,,
### LinearTransformer,DEdr14_DEdr02_powerline,DEdr14_DEdr02_powerline,DEdr14_bus_el,0.97,2685,,,,,,,,,,,,,,,
### LinearTransformer,DEdr14_DEdr05_powerline,DEdr14_bus_el,DEdr14_DEdr05_powerline,,,,,,,,,,,,,,,,,
### LinearTransformer,DEdr14_DEdr05_powerline,DEdr14_DEdr05_powerline,DEdr14_bus_el,0.97,5760,,,,,,,,,,,,,,,
### LinearTransformer,DEdr14_DEdr06_powerline,DEdr14_bus_el,DEdr14_DEdr06_powerline,,,,,,,,,,,,,,,,,
### LinearTransformer,DEdr14_DEdr06_powerline,DEdr14_DEdr06_powerline,DEdr14_bus_el,0.97,2000,,,,,,,,,,,,,,,
### LinearTransformer,DEdr14_DEdr13_powerline,DEdr14_bus_el,DEdr14_DEdr13_powerline,,,,,,,,,,,,,,,,,
### LinearTransformer,DEdr14_DEdr13_powerline,DEdr14_DEdr13_powerline,DEdr14_bus_el,0.97,8835,,,,,,,,,,,,,,,
### LinearTransformer,DEdr14_DEdr15_powerline,DEdr14_bus_el,DEdr14_DEdr15_powerline,,,,,,,,,,,,,,,,,
### LinearTransformer,DEdr14_DEdr15_powerline,DEdr14_DEdr15_powerline,DEdr14_bus_el,0.97,10354,,,,,,,,,,,,,,,
### LinearTransformer,DEdr14_NL_powerline,DEdr14_bus_el,DEdr14_NL_powerline,,,,,,,,,,,,,,,,,
### LinearTransformer,DEdr14_NL_powerline,DEdr14_NL_powerline,DEdr14_bus_el,0.97,2685,,,,,,,,,,,,,,,
### LinearTransformer,DEdr15_DEdr01_powerline,DEdr15_bus_el,DEdr15_DEdr01_powerline,,,,,,,,,,,,,,,,,
### LinearTransformer,DEdr15_DEdr01_powerline,DEdr15_DEdr01_powerline,DEdr15_bus_el,0.97,5342,,,,,,,,,,,,,,,
### LinearTransformer,DEdr15_DEdr05_powerline,DEdr15_bus_el,DEdr15_DEdr05_powerline,,,,,,,,,,,,,,,,,
### LinearTransformer,DEdr15_DEdr05_powerline,DEdr15_DEdr05_powerline,DEdr15_bus_el,0.97,3251,,,,,,,,,,,,,,,
### LinearTransformer,DEdr15_DEdr07_powerline,DEdr15_bus_el,DEdr15_DEdr07_powerline,,,,,,,,,,,,,,,,,
### LinearTransformer,DEdr15_DEdr07_powerline,DEdr15_DEdr07_powerline,DEdr15_bus_el,0.97,1343,,,,,,,,,,,,,,,
### LinearTransformer,DEdr15_DEdr14_powerline,DEdr15_bus_el,DEdr15_DEdr14_powerline,,,,,,,,,,,,,,,,,
### LinearTransformer,DEdr15_DEdr14_powerline,DEdr15_DEdr14_powerline,DEdr15_bus_el,0.97,10354,,,,,,,,,,,,,,,
### LinearTransformer,DEdr15_DEdr16_powerline,DEdr15_bus_el,DEdr15_DEdr16_powerline,,,,,,,,,,,,,,,,,
### LinearTransformer,DEdr15_DEdr16_powerline,DEdr15_DEdr16_powerline,DEdr15_bus_el,0.97,9225,,,,,,,,,,,,,,,
### LinearTransformer,DEdr16_DEdr03_powerline,DEdr16_bus_el,DEdr16_DEdr03_powerline,,,,,,,,,,,,,,,,,
### LinearTransformer,DEdr16_DEdr03_powerline,DEdr16_DEdr03_powerline,DEdr16_bus_el,0.97,5342,,,,,,,,,,,,,,,
### LinearTransformer,DEdr16_DEdr07_powerline,DEdr16_bus_el,DEdr16_DEdr07_powerline,,,,,,,,,,,,,,,,,
### LinearTransformer,DEdr16_DEdr07_powerline,DEdr16_DEdr07_powerline,DEdr16_bus_el,0.97,2685,,,,,,,,,,,,,,,
### LinearTransformer,DEdr16_DEdr08_powerline,DEdr16_bus_el,DEdr16_DEdr08_powerline,,,,,,,,,,,,,,,,,
### LinearTransformer,DEdr16_DEdr08_powerline,DEdr16_DEdr08_powerline,DEdr16_bus_el,0.97,2685,,,,,,,,,,,,,,,
### LinearTransformer,DEdr16_DEdr09_powerline,DEdr16_bus_el,DEdr16_DEdr09_powerline,,,,,,,,,,,,,,,,,
### LinearTransformer,DEdr16_DEdr09_powerline,DEdr16_DEdr09_powerline,DEdr16_bus_el,0.97,8491,,,,,,,,,,,,,,,
### LinearTransformer,DEdr16_DEdr15_powerline,DEdr16_bus_el,DEdr16_DEdr15_powerline,,,,,,,,,,,,,,,,,
### LinearTransformer,DEdr16_DEdr15_powerline,DEdr16_DEdr15_powerline,DEdr16_bus_el,0.97,9225,,,,,,,,,,,,,,,
### LinearTransformer,DEdr16_DEdr17_powerline,DEdr16_bus_el,DEdr16_DEdr17_powerline,,,,,,,,,,,,,,,,,
### LinearTransformer,DEdr16_DEdr17_powerline,DEdr16_DEdr17_powerline,DEdr16_bus_el,0.97,3465,,,,,,,,,,,,,,,
### LinearTransformer,DEdr17_CZ_powerline,DEdr17_bus_el,DEdr17_CZ_powerline,,,,,,,,,,,,,,,,,
### LinearTransformer,DEdr17_CZ_powerline,DEdr17_CZ_powerline,DEdr17_bus_el,0.97,2685,,,,,,,,,,,,,,,
### LinearTransformer,DEdr17_DEdr03_powerline,DEdr17_bus_el,DEdr17_DEdr03_powerline,,,,,,,,,,,,,,,,,
### LinearTransformer,DEdr17_DEdr03_powerline,DEdr17_DEdr03_powerline,DEdr17_bus_el,0.97,5370,,,,,,,,,,,,,,,
### LinearTransformer,DEdr17_DEdr09_powerline,DEdr17_bus_el,DEdr17_DEdr09_powerline,,,,,,,,,,,,,,,,,
### LinearTransformer,DEdr17_DEdr09_powerline,DEdr17_DEdr09_powerline,DEdr17_bus_el,0.97,2685,,,,,,,,,,,,,,,
### LinearTransformer,DEdr17_DEdr11_powerline,DEdr17_bus_el,DEdr17_DEdr11_powerline,,,,,,,,,,,,,,,,,
### LinearTransformer,DEdr17_DEdr11_powerline,DEdr17_DEdr11_powerline,DEdr17_bus_el,0.97,2686,,,,,,,,,,,,,,,
### LinearTransformer,DEdr17_DEdr13_powerline,DEdr17_bus_el,DEdr17_DEdr13_powerline,,,,,,,,,,,,,,,,,
### LinearTransformer,DEdr17_DEdr13_powerline,DEdr17_DEdr13_powerline,DEdr17_bus_el,0.97,2000,,,,,,,,,,,,,,,
### LinearTransformer,DEdr17_DEdr16_powerline,DEdr17_bus_el,DEdr17_DEdr16_powerline,,,,,,,,,,,,,,,,,
### LinearTransformer,DEdr17_DEdr16_powerline,DEdr17_DEdr16_powerline,DEdr17_bus_el,0.97,3465,,,,,,,,,,,,,,,
### LinearTransformer,DEdr17_DEdr18_powerline,DEdr17_bus_el,DEdr17_DEdr18_powerline,,,,,,,,,,,,,,,,,
### LinearTransformer,DEdr17_DEdr18_powerline,DEdr17_DEdr18_powerline,DEdr17_bus_el,0.97,5978,,,,,,,,,,,,,,,
### LinearTransformer,DEdr18_AT_powerline,DEdr18_bus_el,DEdr18_AT_powerline,,,,,,,,,,,,,,,,,
### LinearTransformer,DEdr18_AT_powerline,DEdr18_AT_powerline,DEdr18_bus_el,0.97,4074,,,,,,,,,,,,,,,
### LinearTransformer,DEdr18_DEdr10_powerline,DEdr18_bus_el,DEdr18_DEdr10_powerline,,,,,,,,,,,,,,,,,
### LinearTransformer,DEdr18_DEdr10_powerline,DEdr18_DEdr10_powerline,DEdr18_bus_el,0.97,2685,,,,,,,,,,,,,,,
### LinearTransformer,DEdr18_DEdr17_powerline,DEdr18_bus_el,DEdr18_DEdr17_powerline,,,,,,,,,,,,,,,,,
### LinearTransformer,DEdr18_DEdr17_powerline,DEdr18_DEdr17_powerline,DEdr18_bus_el,0.97,5978,,,,,,,,,,,,,,,
### LinearTransformer,DEow19_DEdr01_powerline,DEow19_bus_el,DEow19_DEdr01_powerline,,,,,,,,,,,,,,,,,
### LinearTransformer,DEow19_DEdr01_powerline,DEow19_DEdr01_powerline,DEow19_bus_el,0.97,9600,,,,,,,,,,,,,,,
### LinearTransformer,DEow19_DK_powerline,DEow19_bus_el,DEow19_DK_powerline,,,,,,,,,,,,,,,,,
### LinearTransformer,DEow19_DK_powerline,DEow19_DK_powerline,DEow19_bus_el,0.97,400,,,,,,,,,,,,,,,
### LinearTransformer,DEow20_DEdr13_powerline,DEow20_bus_el,DEow20_DEdr13_powerline,,,,,,,,,,,,,,,,,
### LinearTransformer,DEow20_DEdr13_powerline,DEow20_DEdr13_powerline,DEow20_bus_el,0.97,19200,,,,,,,,,,,,,,,
### LinearTransformer,DEow20_NO_powerline,DEow20_bus_el,DEow20_NO_powerline,,,,,,,,,,,,,,,,,
### LinearTransformer,DEow20_NO_powerline,DEow20_NO_powerline,DEow20_bus_el,0.97,1400,,,,,,,,,,,,,,,
### LinearTransformer,DEow21_DEdr14_powerline,DEow21_bus_el,DEow21_DEdr14_powerline,,,,,,,,,,,,,,,,,
### LinearTransformer,DEow21_DEdr14_powerline,DEow21_DEdr14_powerline,DEow21_bus_el,0.97,19200,,,,,,,,,,,,,,,
### LinearTransformer,DK_DEdr01_powerline,DK_bus_el,DK_DEdr01_powerline,,,,,,,,,,,,,,,,,
### LinearTransformer,DK_DEdr01_powerline,DK_DEdr01_powerline,DK_bus_el,0.97,600,,,,,,,,,,,,,,,
### LinearTransformer,DK_DEdr13_powerline,DK_bus_el,DK_DEdr13_powerline,,,,,,,,,,,,,,,,,
### LinearTransformer,DK_DEdr13_powerline,DK_DEdr13_powerline,DK_bus_el,0.97,8596,,,,,,,,,,,,,,,
### LinearTransformer,DK_DEow19_powerline,DK_bus_el,DK_DEow19_powerline,,,,,,,,,,,,,,,,,
### LinearTransformer,DK_DEow19_powerline,DK_DEow19_powerline,DK_bus_el,0.97,400,,,,,,,,,,,,,,,
### LinearTransformer,DK_NO_powerline,DK_bus_el,DK_NO_powerline,,,,,,,,,,,,,,,,,
### LinearTransformer,DK_NO_powerline,DK_NO_powerline,NO_bus_el,0.97,950,,,,,,,,,,,,,,,
### LinearTransformer,DK_SE_powerline,DK_bus_el,DK_SE_powerline,,,,,,,,,,,,,,,,,
### LinearTransformer,DK_SE_powerline,DK_SE_powerline,SE_bus_el,0.97,2440,,,,,,,,,,,,,,,
### LinearTransformer,FR_BE_powerline,FR_BE_powerline,BE_bus_el,0.97,3400,,,,,,,,,,,,,,,
### LinearTransformer,FR_BE_powerline,FR_bus_el,FR_BE_powerline,,,,,,,,,,,,,,,,,
### LinearTransformer,FR_CH_powerline,FR_bus_el,FR_CH_powerline,,,,,,,,,,,,,,,,,
### LinearTransformer,FR_CH_powerline,FR_CH_powerline,CH_bus_el,0.97,3200,,,,,,,,,,,,,,,
### LinearTransformer,FR_DEdr09_powerline,FR_bus_el,FR_DEdr09_powerline,,,,,,,,,,,,,,,,,
### LinearTransformer,FR_DEdr09_powerline,FR_DEdr09_powerline,FR_bus_el,0.97,3075,,,,,,,,,,,,,,,
### LinearTransformer,FR_DEdr12_powerline,FR_bus_el,FR_DEdr12_powerline,,,,,,,,,,,,,,,,,
### LinearTransformer,FR_DEdr12_powerline,FR_DEdr12_powerline,FR_bus_el,0.97,3075,,,,,,,,,,,,,,,
### LinearTransformer,LU_BE_powerline,LU_BE_powerline,BE_bus_el,0.97,300,,,,,,,,,,,,,,,
### LinearTransformer,LU_BE_powerline,LU_bus_el,LU_BE_powerline,,,,,,,,,,,,,,,,,
### LinearTransformer,LU_DEdr09_powerline,LU_bus_el,LU_DEdr09_powerline,,,,,,,,,,,,,,,,,
### LinearTransformer,LU_DEdr09_powerline,LU_DEdr09_powerline,LU_bus_el,0.97,3120,,,,,,,,,,,,,,,
### LinearTransformer,NL_BE_powerline,NL_BE_powerline,BE_bus_el,0.97,2400,,,,,,,,,,,,,,,
### LinearTransformer,NL_BE_powerline,NL_bus_el,NL_BE_powerline,,,,,,,,,,,,,,,,,
### LinearTransformer,NL_DEdr06_powerline,NL_bus_el,NL_DEdr06_powerline,,,,,,,,,,,,,,,,,
### LinearTransformer,NL_DEdr06_powerline,NL_DEdr06_powerline,NL_bus_el,0.97,2685,,,,,,,,,,,,,,,
### LinearTransformer,NL_DEdr08_powerline,NL_bus_el,NL_DEdr08_powerline,,,,,,,,,,,,,,,,,
### LinearTransformer,NL_DEdr08_powerline,NL_DEdr08_powerline,NL_bus_el,0.97,2685,,,,,,,,,,,,,,,
### LinearTransformer,NL_DEdr14_powerline,NL_bus_el,NL_DEdr14_powerline,,,,,,,,,,,,,,,,,
### LinearTransformer,NL_DEdr14_powerline,NL_DEdr14_powerline,NL_bus_el,0.97,2685,,,,,,,,,,,,,,,
### LinearTransformer,NL_NO_powerline,NL_bus_el,NL_NO_powerline,,,,,,,,,,,,,,,,,
### LinearTransformer,NL_NO_powerline,NL_NO_powerline,NO_bus_el,0.97,700,,,,,,,,,,,,,,,
### LinearTransformer,NO_DEow20_powerline,NO_bus_el,NO_DEow20_powerline,,,,,,,,,,,,,,,,,
### LinearTransformer,NO_DEow20_powerline,NO_DEow20_powerline,NO_bus_el,0.97,1400,,,,,,,,,,,,,,,
### LinearTransformer,NO_DK_powerline,NO_bus_el,NO_DK_powerline,,,,,,,,,,,,,,,,,
### LinearTransformer,NO_DK_powerline,NO_DK_powerline,DK_bus_el,0.97,950,,,,,,,,,,,,,,,
### LinearTransformer,NO_NL_powerline,NO_bus_el,NO_NL_powerline,,,,,,,,,,,,,,,,,
### LinearTransformer,NO_NL_powerline,NO_NL_powerline,NL_bus_el,0.97,700,,,,,,,,,,,,,,,
### LinearTransformer,NO_SE_powerline,NO_bus_el,NO_SE_powerline,,,,,,,,,,,,,,,,,
### LinearTransformer,NO_SE_powerline,NO_SE_powerline,SE_bus_el,0.97,2950,,,,,,,,,,,,,,,
### LinearTransformer,PL_CZ_powerline,PL_bus_el,PL_CZ_powerline,,,,,,,,,,,,,,,,,
### LinearTransformer,PL_CZ_powerline,PL_CZ_powerline,CZ_bus_el,0.97,2000,,,,,,,,,,,,,,,
### LinearTransformer,PL_DEdr01_powerline,PL_bus_el,PL_DEdr01_powerline,,,,,,,,,,,,,,,,,
### LinearTransformer,PL_DEdr01_powerline,PL_DEdr01_powerline,PL_bus_el,0.97,3465,,,,,,,,,,,,,,,
### LinearTransformer,PL_DEdr04_powerline,PL_bus_el,PL_DEdr04_powerline,,,,,,,,,,,,,,,,,
### LinearTransformer,PL_DEdr04_powerline,PL_DEdr04_powerline,PL_bus_el,0.97,2685,,,,,,,,,,,,,,,
### LinearTransformer,PL_SE_powerline,PL_bus_el,PL_SE_powerline,,,,,,,,,,,,,,,,,
### LinearTransformer,PL_SE_powerline,PL_SE_powerline,SE_bus_el,0.97,600,,,,,,,,,,,,,,,
### LinearTransformer,SE_DEdr13_powerline,SE_bus_el,SE_DEdr13_powerline,,,,,,,,,,,,,,,,,
### LinearTransformer,SE_DEdr13_powerline,SE_DEdr13_powerline,SE_bus_el,0.97,450,,,,,,,,,,,,,,,
### LinearTransformer,SE_DK_powerline,SE_bus_el,SE_DK_powerline,,,,,,,,,,,,,,,,,
### LinearTransformer,SE_DK_powerline,SE_DK_powerline,DK_bus_el,0.97,1980,,,,,,,,,,,,,,,
### LinearTransformer,SE_NO_powerline,SE_bus_el,SE_NO_powerline,,,,,,,,,,,,,,,,,
### LinearTransformer,SE_NO_powerline,SE_NO_powerline,NO_bus_el,0.97,3050,,,,,,,,,,,,,,,
### LinearTransformer,SE_PL_powerline,SE_bus_el,SE_PL_powerline,,,,,,,,,,,,,,,,,
### LinearTransformer,SE_PL_powerline,SE_PL_powerline,PL_bus_el,0.97,600,,,,,,,,,,,,,,,
